signature_hash,block_time_utc,r_component_hex
NaB1QED1qDmhHTdDjXzMuMiH5t1jdA2MHpWJb8Dqavz9vxZ1MqSAZ8F8WBazzNUVo944KdeTfcwdLBbe826EahV,1970-01-01 07:00:00,129a52919c52154862e41fcdc66cce5f6c93ee853896fb02a8e4a8903f7dbad6
3iHmW7KVSc65FvjUghGvQTDN1YvY6trxPRNzKUXSQmeWdfQm54MpgyYGTATz2vJsJ5G3oKLmySsdxhW3AYZCkHAL,1970-01-01 07:00:00,87a3e0501ea5d45006bb674fcc69c3c205d5dac27e39ba1fb4231dba0d7236e4
2Vx5CRp1BQzyz58XBSXrxyoJiLM58md2X3T9gY6nhZJWQbxgd2MJUnPMPDgkQ3RQqfxf83B3AexCXLBYdo1PrUCx,1970-01-01 07:00:00,4afb624a803c36896744c1189081fe48ce3b31c071164c8f4e5a280990c0fced
3fDMguwwqfwXJG31u5vToWpBvFygDuARy2DZPAR71Z89JxA884VKbQuprH6qNWnAfQyxTGRHrSxh2DwqLeQKTFpV,1970-01-01 07:00:00,84fccb52df5abaa62d1bbbd48cb0dbd0c134e6887248be41fdc240c2c6afe73e
5AS4QJwRpF5mSfQD4sboR6NwGhwqUj8zLAUuQUkm2LJsGkZMSCRUoGi6vM4Q93vSkVwdmRNCTmTe9Awn3coFcQzJ,1970-01-01 07:00:00,d033ab3ef17af62a0084881e04eefdba809cdb0edbac911e3b6468be6373a9b5
HmEXPdxbYhPXtvQfXg2kckVPNNfSabvPMNr3j539hBVuB3iAXHvhPpq9i1F6E6cgbbUGxYZHfXUjmHJ1HU7aSmW,1970-01-01 07:00:00,0e74995e50c61d4bf9ecf251b52d31b11c4f710a9dcd2a35181a76a0af87cd83
5zSZuoLV1t3zL5xqY8ZMp33hjZYBAMWehXJCf9VewwQVeDyubSFNvanF1UXWuSAC2JCreH5p63H4TrQZJdyEtno3,1970-01-01 07:00:00,f99a4f69524251db3332207ac1912e0d9c09fbb8bd18b25ee8f94dab6797a860
5kaGT3BCY3tSGDo2aSCzofywiB3ifRAT5WrgDvDo4MbWwDxJad4T8J262kHdMjCfcQxEutdATV4NRim1TbhMR6uJ,1970-01-01 07:00:00,eda4e8b63bba0f7d2e1ae9cc93701bf319ff93f94668a26c1696acb40c77fec1
3KJEN2TKju5hvE5itp9pDvj5NPEaMvkPmYLMAwQbY3TMuCU4C6pubiQL4tujeirLb9DWHzmWt7HYnvga89yvxnKy,1970-01-01 07:00:00,73d00d200d96d66ed536b7500cc88f3015acdab9e214937d584e660d13c027f4
JbwNFFM8psEnSz1NuDxo44FX3Aj6E29nw9mMeJRhGBfDcA7etodxPaD6wN12ezMokNQSfRzw74onAR1HfN9iraX,1970-01-01 07:00:00,0f2dfb3055434d728107801fa83a4b971a787a4a79257da955c9580f4fb550d9
5LyinU8Ymr1tAGM4PWUkcvkdfqPHWXnCBsgjmvNdG3jJkeYeHLxt2tcFMNJZ7Thhk361JdRKCkBfSgEZ13TMZRje,1970-01-01 07:00:00,d94bd45b402cb7730c58ce56230dc0d640e40b26a9cbf15516b4348ebe527141
BcF1Roim26b3b9pHATvYqvPErvGT7USHqUXyK1rT8X6FnJ9Y7WWLHrCEsbYW6NZrLLymSKq1quLuuYoUXRSRGow,1970-01-01 07:00:00,0925c94028cc5c21389be7860c19c967d28223ae881181a300a21db4b6435fc6
2R7oVo8aYGAt8JQTjSccwYGemrowW8izRnULYAJCYgobMj6aoqrkZymjHHxoqisaVKtRgeSr1f6vWQhe5w5YUXtL,1970-01-01 07:00:00,46d097d25cd3ccdcdf7521c55687b9ad4c0fdd9b120eab876fcc55c7d4e23212
4hbusE9egkzUwt8MBju6P3vosEQRqrTbRR44gPc7wP43MWWP89tudz687FLJMYxMzKfkCVe7jYpjM6L2BqjWrYui,1970-01-01 07:00:00,b9108673b47373958ae56debfdc8b138e8909d4600b73db2e12de3b70d7e87fb
21itcCnJVv7JyNqWY4ZkEhSTTSeAZMih8gSjAoT5MbegbWFvZCjeaa8QR7NfN2KgGhEkHLytkeFuFC8RehWfBYPg,1970-01-01 07:00:00,32a3cbce6e6a707dd938503e4bb97fb49b554bbaac07d78efd513618f5203711
4RxRcRxmAbrqL8jvjdKUK3E6i6114aKy5ENnXL55wDVMWiSm6zLvVe1hKHXaX9DYmbrnHRTYSBfCHCGwJexqEXWP,1970-01-01 07:00:00,ab925e3960d03fc5b76e7f7bfac21183b160a305094a965cbb25551c21d65292
3fkxShNEtPVHCXvW9gh9xKsMn9UP3oPK5nVDscZYfF8jM37cH6PmfTqbHCt6UGvovWJ2HqqbvDbK3WRB8L77TQu,1970-01-01 07:00:00,024d0d8cd83bcb9a84af863d112b857e4d9b57f6241f07ea4b98efa609fa6fb3
YgVtvceiJyVMDqPs2mBA4QcxiZxepiRCWuFmbXFYo6gahgkB1Tbtqi72n5AcSY1E5QHpFdVgMWYNur2Ry8JqQuT,1970-01-01 07:00:00,1b520bf0ef315fb1eb5a738f5743d674bc458962da86f22039202c1014d88166
61KVSTnfr8aoFgEAN4PhvYLdmBS7sZv2chqoerwPr3mUgbx6goG4kY9Hp5Gkjp9jFaJ52ryniHpCTkhz1M3K6cbz,1970-01-01 07:00:00,fa5c232f036a39422bae2710e4246c9485889cbdfb98dd20b9f57419e7e64ed9
37covpnE8nkaGvugbUvch8BY24fcHTM2KRqNtxYEh2ZYDWFyQJZzHb8rKsCUt7jwiFsA66t3JbAtDZXsY2XFxtyn,1970-01-01 07:00:00,69bd974cbf56ae6b21009fa8b3f02a2fac32f383b13f6e39a6d9635e21c7db29
5T5gALpQjz9ibkSuWxq6SSSZxTVx4JFGDbfYgQNb7nhZDvsv3GHrRfbXZDjUBRE3EFc7cH4wpjPMeUtYUWzk1SLY,1970-01-01 07:00:00,de8f154d53a51fe9bf19246a08852a1ad0ea9db0cc5b71b70f38924e50e79138
3eytLzSF3FqRiEbaquGssciT7q3oVH1GV5v23JqwArThhPAigU25n1DYVgVU3qri9AQYBX7TcsJxZexLTVJ1qhwH,1970-01-01 07:00:00,84c9849f8dc2464557c458f782edd3ce4359f27e29a7f4ea4008f8bdd84a0598
qv4N5VrJDZWCb1pNWD6fNVRDRNoYxpamaLFQXCtrZeY3LoTqgpPpaBoFYF2YjBappLY1ALxMgXXQSixVKcdBR35,1970-01-01 07:00:00,2a2ea8a2999dae7b9b0acac5a49d739dfb02f2fbd830fa40b6818d2a6904a774
5YDuBAnh4nYfa8bPSyVAPhcMyVDNLRPoE3QNb3FmNNaXRsEkkF2gAtp9mad3QfVYD7UVmrDrTAhirJtc2XJmq5Rk,1970-01-01 07:00:00,e2fe3603b4da9249b126bdc5c2b1e8336c61f9ff6e5919a17a20dc249b56b2ff
3UBHDpftdom2tm4nh2QEFbhyKEsG6heswPpUJ5YDKirEpjcmWCTv3c3amU5xBWfMtTurNFvSoY1gGE6kG4ig35Hr,1970-01-01 07:00:00,7b787a1c5635d146fee7fb8e46957382d3ee61e7a56f3dbd048d1444d8094c12
2iDdegE43NeuyYm4z8jE2bfrLV3AAZ5gFMkpDXHBbjeLUH25PFbTE3suPtsKzdbTwXZJ8B2WhekzwycZ3KbocwFd,1970-01-01 07:00:00,558fc8bfa67b8ae697b5573279f6a6a4e8742aab5ae6959b848d9d00595ead37
5btNxXmysWzJbkiSrWiGMbKnpv2pnrA1HcvPbpBLrqiPqd4Co4ZFuxupStqpkHSZcA52AP6qebyGk8xnS5eXyThC,1970-01-01 07:00:00,e626f799c2b2f38b7ecd627b922541e619bf342fefae03d3b9748426a3b43f0e
27AFi119vTfUu11LmsoHqxGC8jQH3wviDcoKtoz34cDgQthnsUFuXaDrGYnMCp6RcafpcYgxjA5dJ7Lb4RbtvyXa,1970-01-01 07:00:00,37542952cd24c19f44e0f463cfc7b13cfa3b216a2d7c05401b957f920d1057fd
5quJGGuAPAc6AxZzMuYMP8BmoghokM2QeG1j67X15bqHCp4rH86QfYMfNVXoJu7HJsMUWce5jRGbrkNmdmM8eoSt,1970-01-01 07:00:00,f23d2bc5693bc5952645d2e9477f7892954040707f7610bdd0e93017a9965fce
5RewqnWs2wWgREnUfsZ82dMmbZPWDwuvmhDNMHUKGUVYRMSk5jUqpEoZf3PjwzhSmEcVvJjjhVCZde2GRRVVYbYT,1970-01-01 07:00:00,dd5430bae0cf9859f155f5dbdb7e7bf6a02c811ee049e9e0fe666810be6dd9c0
55ewg72Qhsoi99nokCxdoqNY3vWF6ZWDcaXuXMsEhnF5FPX2g57Ef2E2f7Mc7EgYgQwNB124EUgHzeBsBADQwW2K,1970-01-01 07:00:00,cc14e2c057f816f6d2e19ebbc401228bd47c43e891ab2463b8735c3274205d56
5VTPkkChveJNRqq8PMgy3Ue529Er6Vz157pSMAdzptgK75diqEzyCmm5hZx7huCt1VcWd3cUFrsVpziTv5fvjTra,1970-01-01 07:00:00,e09b46319b154c7b74216fe3156f6dc8bdddb7ed93d3b80a9dbbf809770dbc71
44WpMQqM3MzywaS3MCaodyZcbqgbwYzmXJcNv914bFuDK4pCy1t5FCfnRWVDR5ZZ4p9fcjVtnDFMW9GWcen5Xv1,1970-01-01 07:00:00,02a3ab6cfe3d1b1b2441b6b8de775aeea10d22cce21945353b70c753bc6f5ea9
4CwV1FXGq9dfFHynuZ8xabUoKN8SbSSzFX9kuTdsghakZsQUau3q1E2hddM52DFXGZY2pTmh389QPgAwCqXs8dGQ,1970-01-01 07:00:00,a058d7f62947c8645b4b9ebc677ef1582209c4487dc7f17fa05a97a0cfa3398d
ctP2CaYFHNDMHEoscpVesPhbWz54T2FoTuQvbWKNEJa47YuP4wDCzKRg9YHtXwmUKM5zXYHTTEtcMGhQwoYY4h7,1970-01-01 07:00:00,1ef25465d75a1345bdf182e7c05d4797b68e55e50aa309ec3eb7f77abf100770
6386jcs7pGEwYh9iWHfKQAwYofyjQsUE3pmbmy1wRyT6EzWrkhPLBq4QgKjooASXBC6FuDqwPifTSrLPTbsyb3Yk,1970-01-01 07:00:00,fbea4ec2c59f259a888446ef4929d4d0c09dd39974e61a574e6933bca4e4758e
3Kz4yJZF2K3jGopAF32Ti8s4a9C31RR7nm96BKZJPchwBKf8F86gY9RUUWjKz3Z4qfRuKhKAr3qK6ooYZXyMyp54,1970-01-01 07:00:00,7467afba31b38165848a0ee671ff681b2d39b6af08c2ed69dfd27dc8d2c68ec9
3mnjGB3F9qPX8SZg9R3bYUZ9Y1gfaDjVLWbHiSKg6GWURCEo8GLX8ARQwR8PoUFC7CURkBhW9XmCqqHCP5dBd9Yg,1970-01-01 07:00:00,8aa867d4dfc4361acb6bb6f00f73a623995cf23dda7da5b0cb9e1c88dd20b136
pCZrfrMR2hxsX4DirCqjEhwYn6xQpK8MGuWjn9VPDM15Z4m9vJ3fZhdjYK3hXUBWx66fwCWASWCNzpus3Egox5c,1970-01-01 07:00:00,28b3f7289cd8fda2141bac20493fd4e74a629bf0bcf9d7fce8a1804b5ffd6d16
5cdMQb1HGhEorY5yJinpNJ3gR48LqbSYV4mjcvkL1QDAALchFTWAszfws5PbqLJsDbUpM1mb8t6xhjhtkf7nEeAj,1970-01-01 07:00:00,e6ca892969071bea67ef9196c0de361cac089f4b0417da5e0ff71e56cf233e40
3ctCaMYXKk7Tf3486b2UpSx8ac14X2GztgPVK7sVF81wvhLqBmScqAyhQH2EXzBkBcxJUkY2U6G28d74FuFWpM2M,1970-01-01 07:00:00,82fa58ec0616999b99407b485fcccbb668f95aae984eef061f61773dfda0b22a
397qEJBueGmQRL95LSVtDyEYTA8g4G2QWmxEJ7gifuVnuWXQco1svVoeDUS8uHfbKySLswkJB3mDDk3BYwDaUA9o,1970-01-01 07:00:00,6b08d2cc92d1d4d710cee2a0f76af357f23749eef4a4e43f2e211d54305f6cf5
2dRx64aikBz5iikRFPqm4rH3tCeBL5RewezkxHEuuQKganShrxVbBYzARvnCb5R4YvN1bz6s25tcvchcGYB4zu62,1970-01-01 07:00:00,516ed8a06f2243ff9d942c12952344b4a0175fbfd32a8952368ed07af525c954
1kWY5Re7c95SV3wQUFgghijfLVmqLE6Pj8ZQU9Tyq5SecrQW3YfZjvbV3eNcGVokCDem8M6StNs3curevdJVmd3,1970-01-01 07:00:00,00a59bd20efd261378e121a7232401ce7984e4cffb8a6b6371aa3ee449c6e728
3kRxDqyDeCPK2b3KBfNK3PTSn3Qor636AkdoCvAoDns8acPXgE5bcFuqyuuBQAXh2LsG6XA2ayNg7fyvoaYvoTw9,1970-01-01 07:00:00,897c8f32b8574b20194fe341897fe1553b93b4f3c52ef9581d3d0538d330e0d1
364nugUag5AzCdS3KNJxKCKbydVUickzgDBuLhtRfNeaVWg4iNCz5FrMCvXJd8z74juD5ivouhZJ89UpG9T6PWwy,1970-01-01 07:00:00,6866f54d2fcb623a95a5cc4ed64be8d31ed3039e7ece8481745fb1eb25013ffc
5efyE78wUkRSi2o6XuAwJTrVu8mbAkjVhf7qjZUg8wbsJYd6k13VhSzb8D9pBJPzzkkABjKgkKHJRFFRdhtrQh4o,1970-01-01 07:00:00,e88e0744c97cec5e0f83dd6ca6a20833d199129f839eb6d92bbcc310a18efe5e
4K5NKubaBtCR6Ui8xAX6PtREyZfJVXgHDRRNafBwQd17Ca5LJAZ3osL4XTazZtyQkNguhMVtkhxLdxbUgs4bM2Sa,1970-01-01 07:00:00,a5a37198042a706ada800dee6450c6fb70776e4b164bd236bcdada67f702197c
3wMu8jd6sJvV9WftmPXkSnAZuHz9ML8wSwHU6APW9kDqkP5axN6uBadrGXHkxcvgpUxUNQ8YdBBsFMMBV7Dcemg3,1970-01-01 07:00:00,92e98b066c161c95f580daec7e38ea3eabccf868e725e5c727679e2ffa2cbad3
9iQSQS3G3kDBKvFHmBCgnQ1fCLvMbDrwoHqBkPHmHJsxCFeyVJfdiZBVrrqwiuRKCFPpmARCs4iRNCkzLKVZKUf,1970-01-01 07:00:00,0783b6a086b822108f85649f05e41291f3be23ce3ad32d7616e37cc12cf40800
w7TRChRwB13xEthbv1EK7XHmcFNTN5yb1QKBbh2Ufk4siJv9MgjEd2EL6kmJY8ft4ZhpKVE3zTCLgkGAYJSscDV,1970-01-01 07:00:00,2ea9dd3e55edf0373b16cd36781797a5dc907f46259edcf4108163a7e4a2dde7
5bRTm9yEvxyLC6JutDvet2mB3kf6rKmNvdyRbCKQGu4yPoqjEzYTwxXcC7ADm5AiNJuyqWzS1Y1cNZc2nv3C8sFB,1970-01-01 07:00:00,e5c0833f086928d6944d5b7ab3e4df7c9410e02d686bd45a73707e49d71b0b5a
2e7KRqJfftmmjSmkHQUSU3jP2bioJnbZMbr4bFUMXBhU2QGajAtGiejDqcEt2Ssju9dkjWnXK5NbAEC41zcihUQR,1970-01-01 07:00:00,5204b121fad194c2870a222d8be078f5fea5c0f46afd9b135bc7a963b8f5c759
554LYzK5tra7oSCFcXgVT7jQKq92NQJDkSPcX1562KMmaaMjjZiCBr1HxURNE2dKTPAFz9nHcZgJsrpaXbfVDUnb,1970-01-01 07:00:00,cb912ac1c25253fa9eb0a94e4e7709a047455a32eff945baa13793648df845a1
4qt9UkifRHtZEgVwyx3KSvU6kJYUAfEAFhDGuxRYTt6tK2kFmnbHRHYPX7GDnC1s2cScX2u4Mtqm55LbwoFb1YQW,1970-01-01 07:00:00,c0346fc4cda230a2ed8cc33e5059c93a15d018c7f45fb71f7af19e96bc35ad17
48AzRhp2WJGq2uC1J3ZbPQqdkGFe7A6pKRsNy4M6TRg11fSZizdmHRdpbRVpgD8LdCbpsxyJdsemAoHSgeVHG8Lc,1970-01-01 07:00:00,9c3c6ec7f43e4451590376335b4ad82e0be2c45621d1683259c2693e4f9f4e29
5VHi8Y2iTjdYeo66nSJvn5xmd4cwg9L4nKbL9gM7GU5jySe1LXDBzojGur4nr8S86j6PnQuckg6JpSnumP2i4EA8,1970-01-01 07:00:00,e0766acfe6efcedda000932abd6ccb9f772704ae73ef0d70c5e51df328401351
MUEFC85TQMd8dZsoRdxjC5tVRt7EZQS8fFDUwMzsTaFS9jDyKoKnME4rY32GnmDLYKsSg6SdfsCj4oDsfXsDi5c,1970-01-01 07:00:00,11a6eebf5d828adc1e5448c8e22031ca143305be678419ecd6076e551c2dddaa
2WRn1o7PUrVStR7SfLnbVXorm1TJnjCwYq61EKdtenjoT3dGco66VQ3EV656v99w3RrbNpbToiMtaeWFNeVdsPxr,1970-01-01 07:00:00,4b64d513fbbb82948c27c3090ab3b86fa4f53010480c035f22660803805d3940
2u4w5vGh7BAuYP2Yc5QVKT9PdsbeJomYz1yaSyjX2wSP4SiNqhfGKZ5gjDiVPSyK9BV7TqRAm35Ti5UpQReTpgc6,1970-01-01 07:00:00,5eeb15528479465d530e7b688f409448e712341ea05c579e7c2d64fa0fd69d89
k7Poyb4EeqGThzEjzytNeNKrbFceDWVJPLRZ2ApvkUdrfzY1rkNuSAuUoap6DxU8dxNSCxiCKgxEmQAKMy1W4EZ,1970-01-01 07:00:00,252d374b23f63a1b0eb425a99d6c21d9c708d002bf0279514fc172222bf57f40
2VEZCGBFnRY1d1F6YA4STCAJZZA4oiBv43fXBuF7XoTxZw1is7xpuQrNQzXvUVxnLrVCbsJSk8aLLD4zJzs6kKis,1970-01-01 07:00:00,4a5d5b71661bf3ce79f57e738389911505c71a6dfb57bf437dc1986f35627d37
24JDK5Y7GtJaE8cDwkqwWa56BS6LEZbyMqqJwoCdXCkBShn5yCv1jtFHJ2qTsrjKUAVN5pKXXY2idCd2fEpg3EX4,1970-01-01 07:00:00,34dc2915a23d76afab7324ced6ea29bebacf1d775741c19448f448ed9cf9c9f8
24tt6bP16c4AjVyBGp9uFEcnjMnZmMmbfu6zjfFj4PjAacPTsuUamc8YdUqw3BTEWu9Siu3CJaCEeVhc6VRpWsqd,1970-01-01 07:00:00,35601e9a1c82febe4c6b22b226b3edb73806636114311fafc738ca69685046bb
5Eh4cawzyi7WiYaH9LuL6gnYbwpsLKZzy2D2dLwHWdxsyyHnX8fsjjMT6nFcZoSFSYPDWkfpKuyPPt51xrnwufFj,1970-01-01 07:00:00,d3dfd5fb2ae236be4c6b9b0a50d30a5d32d6a50af596e6a2adaa0879da3b4884
WyuZpC9pt6zFHFSg5sRkMuAyER5KHTnBsSjvoju7uTRvqPaB8zMRbyspD64Lq8wwZN2XnXghfrFnqDUn2DUM9So,1970-01-01 07:00:00,19dac70e4dad4971339e67808143abaf7696530c2c93fa79dfb02ed3d1c9ec5c
5CPzrciRoY89eg2uEnUPPjE9dsUjtqvpCohxPBqq8EBpnp9W9W5JqGqwMqWE7CSJxJrBS4rqAyyD1xgmeYPYG6gs,1970-01-01 07:00:00,d1e55a5cffa29426af39370e5f678c9cfa38ffb4ce5fd8c1b442245dd0a45301
3N23TupQ3aNEaZniAsghWTN8takjmKxw88VPqemj7L1pnHB5Q4Pqqb5Dk7T47ADDjwEHaeyY9dSwRXkcTYCfNwEu,1970-01-01 07:00:00,7628bac00f0adf56b5b66e252707db4d2508d6f153b9432182cf6ef42ef9c990
2uJChKC6onkgWLRRSCAEoFnab1vM1e799C2pKSmKz3wxbnyy9Y7X1fvF6AnU1TH62iUHNNHpsUAKv4RLUx9qxgCs,1970-01-01 07:00:00,5f1d96e70dfb7528cd078ec2779023c4c93092fa252139f4f96207823a1c673c
474GknCdHtcwDQ9oyAZQE7ZL1irPDbvYaQqAFXfCLG2oMA5GrxMv23wJebF4trFfZBWR85kFtSjthV5vPJCFdayJ,1970-01-01 07:00:00,9b46187ba594bb4d735285d78dc84e097476d1980d06bcb6826750f8741eae8d
2UKWD1yX5Gmug7mEJB4J7BTSt1A6dEZbGwVEaHd3kYH4Wqa6Y4VNacgTwNcYj1zpzAWnuKVvR1LiidrNzDfPxoBP,1970-01-01 07:00:00,49936d8cf685cb6f486962b94c9b1fa508be3194e64672d355e9e0c1582d35c4
3XP5BNtzTqmD6iKz64xS2Bo4juM6Yktsi3JDx7xquRuK8sgffqtUeXi6tQAY2x4xESQNGRqT4uResBd5nnGqKXJ2,1970-01-01 07:00:00,7e3ba7fe105d6e87372cb818bc4e3e86059cbc2600695e69e8c932125f2a580f
5gGNVc7QdALEnuKSs8r19ZWmjTWroadZWzmnhDanA4CEdbKHqJof3puVPej9EnGYhe1eELjkcuyNNTcKPD4wCsY8,1970-01-01 07:00:00,e9edbbd92ce49b058cc5bb596155ee2698115f35a401373f6df4152a598698a9
mEt6gdRjSkuzxLBEW3WGjKV5udAALhESfSPKfcVWTqEHym7xZt5SCNJuoe5Zyh5dnudgB1tv7kHGx45VZKuWRjQ,1970-01-01 07:00:00,26267b29efe4de3b943ff33b31944dfa3624e728fbc7ce020ce26eaf39a0caa6
4dUwZ4JKS3oqE8DkXoChkZB6grgLEts5bVJDQzpzJkVuSupNSxcQJQru1txN4GRDwZ5HRd61FgZwQMProjWay2sc,1970-01-01 07:00:00,b582eee30dea11c3c8add4c3ead2051404bf62a1772e4ced281a5a3098740913
JpQ8eULbxyszFw8k9VwbmNkmbhpL7ewQmCBRqKEUgCD9hi9LvZbWGkZTkx9WFQ4KVePZBfiDPPpGQhV2Qt8o5Cs,1970-01-01 07:00:00,0f5d69c5080faef40865b571940d23e236f0559194ef0dc5f686c5cb501dcc1f
4ZQ2TGvGXEMvE5ZBR8i9cg33oJE6TAMj2X4eQ3gkVW3DApinyKC9UfWS17d29DMoKTrchiqkMosUywP8sd4CS2Bh,1970-01-01 07:00:00,b1fd2a2138a222518a9fc3b70b1ccfd4a96c34b5b9b8433121c3ed54cff8e192
48DsXbsvLbiowsRARiesFomgNCnBdTYrL8PxjmtYeTwSipPbhkktNieu7WxhxG2WxEDWRXvtBaUMqBqwfxEDyYKz,1970-01-01 07:00:00,9c47661dfbff580a08e4e326d6e6d1256374741b0b4a07af7391de7657376704
38jBxr3tcxJNwdZwqzXuDtVEWm35Rtxd7AwFdNkq2TdXyCxSzXFjUmuUWoXRdN2xpEmLDveGo8Zztf8LmcPygjmQ,1970-01-01 07:00:00,6ab2a3b4a44d2fa3b361eafb59d859b3fd97c44390e1b2b8e07a1b7a32716c18
oP3ihQW6RzKDgZ5Xr3zAx9LW48nrUMkAdtAemYmojmsj4CjYJ4sWbTJQF7Uyn8DjNN4qDHDtrzdQZUJA8Um7pML,1970-01-01 07:00:00,27ff179765e369d93d52293dae18d35081abc02a91f9d06d8601df38a56b56cc
Jw38PfFHW1mx1Xy19Ne13v7w9BNnfiBbPPLR8EGZp4sxKxowEnv3Lvya9n8eJKrAkY6BRG6THu9yT5k4EpTwGHS,1970-01-01 07:00:00,0f76adc276e10d8ae9284d2de9cd9b00c6fa8c5cf654573495561ff844604139
3mC5Qsrpzc9ZaqJr6avQNjWceo6WiMeY5TUWFBn5wZV5RFG3BNVJP8yRvwHSKBn7JVvYnfonng8bSan344b6uBHE,1970-01-01 07:00:00,8a248204d1b6436572a657eb02d7e91102311a7e13561ca4ca66ca47704afafe
65bt65FWyCPnk2u5QdyEZnj7eDAz86Fkz7xm1YEbvnrzRYfKEdwUkY2Ai8ooTLXgfnAr2gK61VkYh493UTJsEdvg,1970-01-01 07:00:00,fe0d9545522e68ddad5c9da61f1cc8a8187f92955677d0473fa872c0a7073b39
5vyQkTjxJKRM69bY2n98JcShyZW9NVBR6emuJPEUjL4f2vDhmA47VymaJ4oEpTEvSmwhcK8mZZvEoGkUTcgHs3ba,1970-01-01 07:00:00,f69ca52b3a72e5523751ed44130a8d521546cd8e3cfd5b46d48a37c3a4755a76
2kiTR22eo81YUSuGWUUY1RsUvNvKHEJs2f7HFHvZv2SENJqg4JeseftCvfCu1AAg3F6xkhXnaNah4DbRya1dycg6,1970-01-01 07:00:00,57b7062ffe55e275425119eb4fa534b2889cc271a459b565b8d2870824960dbb
2HXdMerDNhiVXxYN5vq4wt8eQCHmjmNzLEuPimQod6PjfERWiVh4TXxNF2bYGNz5yNeeKXjfRHQehtQhcrXqu4gg,1970-01-01 07:00:00,404529390bbba7adc6f2ee2c972cfaad552a31b76573e4181d6752321fe14604
5EgrYuMYk5R4a4AaWw6QYGEjoFqp5xvF2hSyUUUUHZunQtq6gk52VFH9NPEkxbtj6uCpGBxVd2GY4eofEotcATDs,1970-01-01 07:00:00,d3df0b4ffab6a83c0c5e86cfbbb4275f4819a2bffc13c9dba8c9fcade0468df1
ctXV4SUmHDK9HWMYoXpBccuWnrbTasZaRecVRPZ9rLqB3SWM7jJn4KEzWBpuBdG46PrrQXNntQFZXYzRFNpAHbc,1970-01-01 07:00:00,1ef2e2944ac88883695762ba8ff94ce50f9e4399fa01ccb41426c4012a969b85
5mJo9uXuK3RFBzNvSWrTYgdvaZ7ap4zxssAksPHrVLtuaUSDE9Mi61QkWahKtw923X3h9FD6H9ysGGEopKuBQEGV,1970-01-01 07:00:00,ee46c9c25d3b1a47d71219c2a7b638ed990532c9d742de8e12e0c9a2d39391dd
56m4X742H4HqnhD8S4dnq83ujSEFNbKUZjPfA3LP7bXR8RtqM8Y6y88ixR2s9ZneMNCkPpnFMeMnARA2AkyVcqX7,1970-01-01 07:00:00,cd08eff655c2c25ce81dd322ea400aa63b6c6674500e71ff56176200963f8c81
2dhXQ82nXEvFzuLuQ8gMnhAWahmNUFNXG4MbTmc48DYFo4aVifHr3gR6DeNH1EHxMgvn7EKwTYUyQgimAAsfW4b2,1970-01-01 07:00:00,51aa2068620a5a65ca4cc3c54c8a5b840582e5f97b381e81a4f31f33874be3bf
5nPXcRNxjSHkH6j2z3AP8Zzy4rewxYNqgmbWAmS62t9pzSQsQ4a7a5mu8PrnuVbJpWTyb4hbZcim3dXJ8DnPWDXA,1970-01-01 07:00:00,ef35907191d11163583218053ad04f12da40f05b1c7a2e1d26f31b567f658ec3
2Mu5ZvR8TXe452KMWzRDqQV9v1zfsRPgpiUu68JWy8SyVAnCCCw1Ty9t6QNeFqgR5NECL74Gay2Ux5g7Qpw9BgVc,1970-01-01 07:00:00,4409df37ce7d5dc8e1d952e87c1cc38fc62a5636855c9b778fe0f472025ddab8
4Tk1unSZ66wcpP23kDktecYyoy1UkZfuPHra8WMfXrS7zB6KAKBzACjFynDCzLc4bKNnUMHdtrEo4GFuCYMjcNw7,1970-01-01 07:00:00,ad1caaa60192f95fc2c821da3f05dde99c75b8d7868c0fd10e1ff2a02b85ec64
33aBThGjy4ybBGfzv2qPgT52Hh2JZffBy3vodXF1qvpqXUrx1xgv6YggAGHNTKX4q9eLKxM9amQ28pFW37kdmmnd,1970-01-01 07:00:00,664086c808b3b4af2edd6d62e93a25255e8c5db862b936f95c5a3f84df9ed914
2zTFthLrHmomLfto4V6iEsKXXa8zYT99jT94zEaujjAYqnsz7cQhMtNAowvzMtdFxsDZQyimfMkeYtM9DwW5bkbX,1970-01-01 07:00:00,638fe1148ad261ed41c2d259b83b6e7de1fb450027bd1b830f881e4ebaaabe16
3Yw7NKjuP6d2dyDC7qEa5hMS5gBjcP7kzGM73tT2P7HwURyUuj1XrAD5MfLeQvgd6tAqkChSfsgfXYsqsmCAKWHL,1970-01-01 07:00:00,7f925da156cc426b6fc871ed1d7cd17346109d40b00c17e0ad1893867d1c6c42
3TNsfpSBRQsrhxN5NcBAREctspsq54CebC9J5PcmJreKQabEzpoyTvfcSmbsk2vmCSEhKspxtUWjiYanf7C4PxFZ,1970-01-01 07:00:00,7ac7d797effc803b9a3cc3f5fe60a9bdbb62a6962b7539a2ba8c757573622d29
4evXSyw46gdgTHpNEfqWpF5BexeNNy4BJ8NWMidpkLgBjve4BdSFKz5VXNJeVSWETk6pgi9CVUiNnQSqEoYKYpqy,1970-01-01 07:00:00,b6c1145516b69d5f985a7003b5d2f1ee6ce313ae9eca6ef5db957f9a568bbb6f
4Gz8YFkXtvp9aJksUrvd4zx5HN6zWFopK2fLLZiyvEGbVxSBg5FTQQAZN2SsF3JvVftBTEATHF8sjZeWi9W3DGQP,1970-01-01 07:00:00,a3d5fa670519a4edf71c7ef3bc494c0ea196607085045070e1af8f5a28d0f870
53jutgy1mKQEXTLGMFp4BtBJWGwKfiTsVYC7zwvUkJQ73U7uPP5EzoHK7Gx52DoS7TAhPx5rfumrLfHYNPpDCgy4,1970-01-01 07:00:00,ca6e4553beb812af5b7bca458aa4fb7c4401bcf605826c4279dd81d0b5a3e7d5
3ionvZkoYNPuaJFYfp933UYFEGb15NwMpLnprTcbKZWPumZ7KCWBgnCrXVWaUPEvPbbxGdd31UET1zvc4dbMjm2L,1970-01-01 07:00:00,8816287c672272fd1755f978943f82fd3913da05b57366cd5b213e805d3c2870
4FcCABkWQ5eWpt62zvuYEXdLifaHojHQdA5wgrWxtPtoCRC49R7hPcUWrRKbN92JGz3peVFs1ysdSvSZoWfE5gYS,1970-01-01 07:00:00,a2a5b670a22fb073a20266ccb319766d26698266191886fe79fc0a98871ebe78
2p4hdnsLQQnk8LoQLu3j49RZ5qek4GfieqkfyS9DK6RJCypxsoX2pZ4tiQoAyX1QWnrXPakKayJ6YUWTj6oFYqMD,1970-01-01 07:00:00,5a9a608ef7d0e65f734f73eb1826e7220f0f5cdcf4877a712441df6c889dc8f4
U2h1vuTt4Vw2uD1eHvKHTrLSwnfU2H8n6LSfALTxx8jNw2D7dekFeazkC6eqNJD8dVUbi42znwxBoeHs4dgDHQ2,1970-01-01 07:00:00,174f142bcb16c737375a61c872e2880c87648bc2200b02962ffe9e89cb37546d
is3c4JFSSmL6z4jrhBrzUEPtPYJDdgp17WkuxM6LPTPZaX2bcDPaQq2mA6DXmy6dihbXVnYH5CYANzGpG72hGaY,1970-01-01 07:00:00,2419d6581f9e652ddeed0dac0b26e30db3e15499ef02b5eced3fbda32e3dc662
29FfuoU2KdYAepDAdXjtwUYdeaYLyAiJEDE7kcZhzkD1jarAj3aJLUSDisXgEonCfLHCTr3RnLrhvox7Y4mBMVjL,1970-01-01 07:00:00,39224f82e649f714e3fdbbe9615f0ca63da5a0252fac8f64744f56deea2593e7
28WPFyiCt6VdMhTqRomndkgcc9mJVNDdMcsU6pt369V7ZDYyLTToco449pZJYggJALpu8VdmyH3FvcUk6sp7i14z,1970-01-01 07:00:00,387d8c237b2ea82aa17115d03bfc1448997cf09f26d82fe9a1c984938f88c694
21YoJjzqHZyo9CFXUCEuhr2SNSAWi6oH7U4KW4Hg6uU1zr9MmyrT2Z7BwJmYkPzrdcGEDeoAHLpJMu1JRmCFVLho,1970-01-01 07:00:00,327d62a6b911e60094152ec4c4344b8ac532ec9cffabbea66b22870e7c741004
2E4nsmxU4QeXWw7GdFo66ABQQwTEigceGyKvrwPPuRWow37WxHCK7uzCTLMqYZeu5EzJ7HHNM5qsJ9aGZ9mHK3ww,1970-01-01 07:00:00,3d48b8d0342752ea56a9caf5259c77c96855556c0f6a4bdc43f7f77bd4670d02
3qvQn6p5rz8asSQTbXxEm3L4j7LRhG4JpfkgV6VpuxET1nodkTMjkiQ99Na4HPQGEkJTC5PqnrkCiGh1F3Xgv9c1,1970-01-01 07:00:00,8e38b39be6455810984ff5aeffef307c587e4939f6a5b2eb6718c69eb0c4b32e
7v62Xz97EeBJbbiGr87aNZNckJ9jTwQjctuSusWDMqsAWVQE4JDEKeR5MKV92UpbwrxUqmE2cazeHhtJXUyY3j9,1970-01-01 07:00:00,05f6a6b548e47a543fc54c68ff304dff31e3ab1794ec8162e0441c896ea40c24
272ob39mp5gY6K6BpxxHPbRhXwAGpCzQXSBSdu8hKn9vT4MDJPm2PpA4Hz4sCQMcipksjsjKq7Lq4oU6suYHZx9c,1970-01-01 07:00:00,3737cda2834f17eb0864ee7e79db1413c37cdfcd6307215e8c9a38428949f408
65dg7hUmjs3QY9qe9r2dc6CpApdkW82ypJPyHToKFd1zZm3KBFrRt24xWmDgg1mdBpwuiUr5K1fJxdeJ8GxEnf3,1970-01-01 07:00:00,0461749178ff1e3fe979e8cb2c220e9d70aa5bbdd95a38885a475095596ac554
4QDjPbSibP1cctvbcR2zSxEaHZ8dDwsTdMK4SRmoyh7147BMBpnjLxmDSQZG4svNJjDeydBnrGbAqEKsgTfmCM9j,1970-01-01 07:00:00,aa1319893551fac8646f660e28ebc7aa7f3c10bb69075d8861feac83d0caee11
2NLr4fE34AP1GZwMYu2zartQQHA9EPCh17yijbX1LUAuRqnBmUebLuWzw6BAgevJpVaHrXMPpeckDXmHtWzGe2kM,1970-01-01 07:00:00,446bf2fd877e009a114ae84c420e797c4cffc3568cc5ad876e42e7b3f335e6a6
4TMX41NP43Xz9vwUdmvT1vwKHvbDdS6uCP3h67tLUEz3w7UBYkU6Gi8WxfzB4UY83bDkBVRLqo9GviXbW1rpVMpY,1970-01-01 07:00:00,acc708d044593a47964ba8c71f284e4a845408836c9ce1dc80c22ddae761e242
3jps8mENQwABiLohaqGJA9YeycCUGo5i4J7VwPHW1UiroD4Y57yRKyz8zkAuVPmU55dELTjRQoM3i5zWKbC9S7VG,1970-01-01 07:00:00,88f701635f8f83b6c84ddd7008c8783383d00544c9b4840fd1e6708942cd82c3
2Rzv4EmWthVZTf31ZtMEF3cAo88iUPkXHYogVjQePDFUVmdr2mG5HdX2K2j5R3t3tiMuiwSWSukJHqaCwJYeMrEi,1970-01-01 07:00:00,479324e93e6c05357bcb2f1fc0648311d5019e806dbbf7acaf5f8b24bb8ea4b8
29GDt3nedq44zFFdnTZ38GqPbvWxoeFBxQvWBtwFZo3YgEnFPoftWRwU3Ms7rHNJZ9CiLAGPFN6szGVswoCy7tqp,1970-01-01 07:00:00,3924689bdd5d05f51c0d55087a9539a2b33215e1921663c878c5ceab3e4d0af9
4RagiCWvKKp914qBxBFaGowjiF8U9MwPkPDPBc2p2iq7m3p1zuH2kvt5wkGQFEv4f8HoPbAdXrGkgUQW43XwWNwu,1970-01-01 07:00:00,ab3f9ee2afc00d255af947ab059ad2ae958873ca86904d006836d7f5b9c5faa4
nb4CvruHMPQjnvAPMRFLXhKvutEyQFmFwj4gKEfzj8TxpdygoWQrsyvBdvHTUbLNuUR1PdRWV9uwpnWQ4caXGTk,1970-01-01 07:00:00,275008ed07517eadc1d65ddf56ccbf9d37388b9e43ce586ab42744cdeae16c43
2pjsnZHtFhKz7Kz89JQGnTaWU5ry9sZgZrepuNHs8ZcNpskJHrKT6gp93LVNfxvz2tjNjSrnmUq8wjVvzCCCWDr,1970-01-01 07:00:00,01927954315ec5cfef14133c59024d0e12a5a1afbce2200de10bccf20b7f24ed
5TjSPeYaXr28V5v7E5z77H4TXQXxB1HxkaQR3peFhgPMTu2oaCGoyhn6bY9nCepc2HQHemTtwhHtUh5x9XQVNe9a,1970-01-01 07:00:00,df1ed18516c9fe20e926cb45cc94e94a7ae4d538efceb547c6f3221d0ce0531e
5RWEPbxEVqLEfLfBPnnjvrEfHBYLgSXvHrGjHmMjVFoENBUdRW1qs6qKJZBeHGvXRFr8DBuTgqWmfhxv4WzACZJ1,1970-01-01 07:00:00,dd33050ff0241329217ef82cfc4816fc8b7514c04a9e58ca8f87344b07784b2d
4FKwHY3hBhS4cRupqNAoi56SvAnku1ebMD2wLRSt7oLLaNeQudghfF3EyLSFknBVz9XrFfxg1oL8EouQwG7qcv3m,1970-01-01 07:00:00,a267d603276e361db8d6486ed0f364bb9c85f2089f5163bb4a1ec73926e302f0
5qEF6zq2tyHH2kvYLHPT6JpPNnaSGJntHakDaa9AqwGHv8Ji6ncvHUdvzjwduFhwF1WTLvMu33RBebY8ikhd1XL3,1970-01-01 07:00:00,f1a884b52fcb2bcc825320f9fb9fb0652cbcbcecabee49450a7415ba8a3f0207
3Hxt7nK1wyAdBt52mXL8PZyS1fgyjqUWTGsAXzHjeKvDX4ZcuW3aJy8GMofKL2Y5G1shA5aamxgJC3QpzBTuGTsv,1970-01-01 07:00:00,72a9a3744bf8356a68536dbb41dcbfccbcf548a94219f11d8c5f667c42f3e415
2Xwarb2NFtb3WpjCBUCphsZWz3VmrqrqNZFkkTk3A6mc6eyuiMCgv6Ex7Gq2gnXf9PT9F1LUQkrcMeiMFfunvWSm,1970-01-01 07:00:00,4cb30da81b8b3fcf84ab64340f4b7c24b22f2a20952f185ded599da659c054d7
54LBH6h2LX4eRUxwZd7dcjym4r8BTZCv3wwVo6ANY6NifbeAXKGrypTULXjXFjLRS3FGgVNLc2rE3bhjEPv1Sc1U,1970-01-01 07:00:00,caf0b1bf83f712c7f81d95fd8b4dc67bdfe6f1bebcec5e744861365acf605c23
2toPqP4Gky8rSPAcmmDcEYnonVha9jocrUSZZWjyFUM63JgDFAhpXBw1WnGNyJwcEpkHP8JA8z5zEtreYmvsvj5u,1970-01-01 07:00:00,5eaff0295dd5210716b64f4f8f016ce64375fda10ccc7e76128964db18be359f
TXP8nzUM3VHU9K75tG3ASCDNvuACFf2baFeX9NY7514ts7s5xi7wDPcd9a1Xvzhi6Z24jirYpCwjfe46xQ5U3WW,1970-01-01 07:00:00,16df85e075f65c1f84bfae3a46e5c6d04a56e2976d69da0f71c23a10487e4f2b
3Db6ocG4W9kT8jy5MjoMEqUoymJjZYptLEYEvsSb31acZsFpRoWLUHhGzCd8CEGDphnHyLNTbtANP5uhQeQbRiwE,1970-01-01 07:00:00,6ee3ac8baa8df35e2ddf9cc0c915c31d19c6c06c7755d2c78cf52334f030c9eb
3wQLWcGUNkxSzSD51Zd86M6o5MWkgb4rcLRe8hSmorfVEHdSdJiHSfpJssuVSpwUu1vchtxyfUcRga9UkeRNXWAr,1970-01-01 07:00:00,92f2d22f2ad2ced1df5b7ea42726b8cf598d6a7dfcf3257a0b8a9f8415364a56
64rhy8bVewCywiF4p9R4t1zGSdiPVVLEG8QyfBSHJ1o3AYLKQ2PaU7ERshq4o9WB3NfZCoYVgiSCBJsS4GvbJmy4,1970-01-01 07:00:00,fd693fa4dcbb4ca2a53289dffe811e43a43352e01a74786731ee6df3cdae1dd1
4SW4vrhdRDQk7rNRyAT3KPNKTfrfGapgvMYgP1c7iTRhnemV376q6TkJgYMeHvY24D6w2bWWKQ5Z3rfctLE3PmNa,1970-01-01 07:00:00,ac0acfddc5f93bd0791ee88f140ee44198ceede301064eda73085853d6f03454
4RJEMow6uoyAArtVCfmnbmcaa12sfY43uBuwVUvNmDCGJiZTWUaqFjEW8TDT5DN6V2APBYX6VQMsztoxCcdsEcvm,1970-01-01 07:00:00,ab00fd9f0088b8d2a8c0a02971037c5e901981c7e819b63abb84fb3a7af68c16
3opnJPKdEXdd73AsmwKRnbboB7D7LTHT1zxqttpaNyAj7iWx6dggedhK21LrL8ihpVcuwsHdL72LQe8AVMCHpjT5,1970-01-01 07:00:00,8c69bf359beff5f7c66ee252c501c9d9b3e102459f0ca9580fbc45f844ec4b2b
3UXhSBAyKxxAWLs2dFEaGodL3VzzgtGFrn6VHTLWTVEySsG8z2LMsZJic9ZGsFx8aaXuNXYfjPVXKQHjTJn4Ftzp,1970-01-01 07:00:00,7bc63115eb64e4789f8c2866d136de4e60f24da42da4cb8fbe1b74d30aa26880
5dy8z1X8HXCZhWLe2AJP61ggzzWpCpXFN8P4fbycU6sQQhTLzh4FWxxSvwP7VSkGa6uwq5TjM6a3YTEKRugcgmPy,1970-01-01 07:00:00,e7f29c6462cc12babde286bf1c90cd2fede126014c7d8e8332278c92efff1835
2JNQFVaEeEsFHA643DTjtpzCwb6j1JVwFgam3YBRjdSXWbuGqzR8fRoBNDYLUhJgLRR3BDARfk6rHCX7Wy6wx4v9,1970-01-01 07:00:00,40fecf1bc22fb604e9acea8898eefd23d5f14021a3b63a675f01dfcce3862648
5vm6h9VQJn3TspACA7r43Md9bzmGuqTt9B9akzwAz6xf7bkosNxD9jhCfcwsPxJEqqPCvChHefohBKm6MSZN9tcZ,1970-01-01 07:00:00,f66dc8e3e0fb1c52503e3d0266a2702d5bc63c408f28708fab63289f06657506
28pSVc4zePuRaeWDJwJr3n2VVDzmPPmeS98R3iaS8BC3psee1Dy92TDQ1bSuTyp9r6uSqpr4pAbuPrVS2XoahHMw,1970-01-01 07:00:00,38c245dc107a4bf8be7bd844bf194c13a13aed72704a4ce5ac36f5dccfcc9e7d
2V6yv5ryLGXtW2XeBFhvmMNVKhuo6KWhFJBahwcTr22CqvfJD7ope7BsjQUgcyY76XGY4dyG9E1bVgRGTGoBuxze,1970-01-01 07:00:00,4a40877be7e2bdc11473272b568bd7c7c826b1a0cd82a5306a85ee32a136087a
tPqJ51Zczoqpnr2c2Exbj2pmdtvc9jYgha6NwrHHv1HX72vhGUt4wBkyttrFFFDyxJMzzS4jHFhKyVBk3tYHPWN,1970-01-01 07:00:00,2c51e80f21d1df3a3bd5b47ea2b35a754fbda1c06c0b010b9ff58f9b3a33e9f2
63RFTD9H5GhmQdMhbST5jLL7qpd4k9d1zPqyvy43EGhx8576y5hkozTx47YzhqUDLPUANoTBQcoSBrosMNdNzpLd,1970-01-01 07:00:00,fc2b962c4fb903689cd99c4447860758636dc8821e719867cfeb489441540d2f
3sye8X7RqCCB8S7kiYDNsoTJpVXctd23t4gLkYxMptxwTjog9CNomTHn47F5LuksQvaqasuPu3B68uB6N74v4GQM,1970-01-01 07:00:00,8ffe86ac087ebe263c756f45febef0938a80d239e84eaf9c70887534d985a984
2QXb82cFMY8viKVpTfAv5DBqyRvNQiqL7yquZ1dsWcB7LDLym3TAr1Y7JdKeKfT2gaSNNNjYer3bmw4JPbEQf7hW,1970-01-01 07:00:00,464e5dfcae677a17219fd509cfb7bf9bdf3d16ba9cdd026511c1a6223dfe7141
2dRUP5SudYZZ5Vsgi5FxTB4HUZ6Vhemc1ZdGn2y64Gjv7Xwz8P6e19kvNX9aHBw9ftzDV46KaAr4yZ6wksJHTRzB,1970-01-01 07:00:00,516d07268aa92244b451a5664a964349f4df31393fccae193942bd9be61c5d9e
4v5HHeyBR8hf7sbAHhYaqCKNpk13GwHmweLcbSBh2Ek92JpnMctHvzCL6hvUUkpoyih2zbE6Kg6tovaq86hrb1kj,1970-01-01 07:00:00,c3d1e07efa328a0bae066b3478fa5cdde62a6ba15a64a97b6b92f4574453f181
sShHySKjBDJqzxuNXnhHdPmytUBULxjMGApidUp3kX5LyiV8DCfBKYfxdCdq1u7Gpbs9Yxm9oJAyEuzt8iihXr8,1970-01-01 07:00:00,2b800919a1a34739ae9f78541c7945d4b8704905ea05d26aa5612bd76b6ebeb0
4aSeC7GrqTJPz7ZGuF9dkHvUtgbpkDm3VcTsYdk3zTWLsC8cyLtVAXYCraoquG2PCoUULVoS12bWL2TiQMjZZdUL,1970-01-01 07:00:00,b2e3e31ee66292618b016db81cd231bcf4ce78a9be34c3c2c14576edd041f60e
htpNu5PNM3XSTnMYbCbQuFN2TX9aQHgzGBBeo74tvU9DuCnE9Ua9xoy83A6a38qB3zE4G9PGSavVJQ2P35a8h21,1970-01-01 07:00:00,2343d130e5b8ea12e0702822dbc35d5dbe6852b486f6b7c9b8839252728b2cfa
5Djnjdn5PoTCgpRHKGZaqX7mFK42xwm2hZ2scnNnRuQSbPmrfRyq7rZCktKbUeTwyLWbag9izYotAmpxpqyNR5yz,1970-01-01 07:00:00,d30d72b0bc585f1460417d5a10845546951d06a3b798d26105fb1ad6774f8e93
2gvEHk35EsGyAUoGazenGXXkcqRd2PhgWBu1S5gt1hBg5LUVeziDgc64wrjPy5z2wrgcXb2NPg1UevVzKN9qdiLN,1970-01-01 07:00:00,5470c78efc403b5926995817f430c1eb225a57c608d53d678df4aaa59a28fa72
4juHoDLtTKKLSMVVVM8todzv1EvAA74UmthWe2RTqvfydMVzniHMJkCh27uCHBcNB19xmyHMvySQWuh6tcgmoPh,1970-01-01 07:00:00,033996f46901ed7eaf1c4af53eb77330046968ae0da8c4d05d47b85816b2b628
7UQpqTSbKoh9Mq8xrRHorvxtJ9CjEUvg4nhQH3UVyE8UAnWDpV7djL51pkRJxnaAa12woh27GFj9yanNuX47Gt6,1970-01-01 07:00:00,0594ebdf47dbce6920d21b0ae2dc800fce6e072a5f4de8b37c250e4f172564ec
5RkjP7wMwjQCMvjZUB7tRmeCguLk7kjjTo2wCJpt86npjdA6rWKuMCG9fBxParnQ6s4RGb5dPTUyEon2w6T2eikf,1970-01-01 07:00:00,dd6a35dcadf563b0e81c643ee50a82759d924828ff724a33dcce7d4378a84884
22xa5fcsLpmKfxDixgYAJXnp5n5RqEfx2iE66yh1VctT1i1coJJTrMD2p3LukhGS9fYLV38ST2UQC5GhsjPrZow3,1970-01-01 07:00:00,33b4a20d35ce3427649a7936de98d3703574899d51d5b32776d1cfe901da3a6f
5Qny6aPPNJHYkbyFWrEd4voasnZLdaqtEiyVMSvdFFv4KXpXPd5EPXm3NN3FojRQ4fNeesjDpTn1K7PSEKHseiVC,1970-01-01 07:00:00,dc95f555322821447bd8f6fe86e7aada8eec431f6d5ecd4ecdae56fc234e6ff7
49JEnJjrk8GgZpWWMvq8qfbUaNkmr3Rn5DLvLDiFh2dSSbhygthpDSe8raPbNVrv94unptC9EnKa1XMmo423cVYY,1970-01-01 07:00:00,9d34c893c00b00a694d1a52398152a06b2cd9a2566160e4bd9c884a4f9b5a180
2g2Kmc2cjbGd3dyQ9zryqKm8sNgKTAjWR9gtYWeJQZoo1qUQYKdWyMPMYUbUzehmpyBHsmg17oDPMj4ZDRoxj8hy,1970-01-01 07:00:00,53ab3654310f4ec116e274c6deac885789f6aa71f20c65c1229042df16f2dc38
XhhJ6Dhx4tBWeawHEwoDcur2m2gfs9FJ1wCReHhU9YCBhe9CXGnxbihsobi2pntBHwwcNntpqoDG4JQLY8asiyR,1970-01-01 07:00:00,1a79d61a9ebfdaea54f7432bd8dff659ba7cde63a2fcfe34f313f593e9aa0236
Dfuo6CmqHzw3dniBvs8VRaktESJq14srawwKXa7HpstfAYh9svg8FFpb4JvXaFCm9S2bFDYgPgpkug2W83M6BPT,1970-01-01 07:00:00,0aed47a13131cced7aa5bd8b4b0e3ffa822c4d503674e55feb13861b97e4eabb
3TkasE7UqkrurhQMnRV7rkvyike4NMBNpR7AjgYvYAWtoSqsWLzCuh7ZnC1ipV7jYCnnwL6SXd4D6fAb6nmLQXk5,1970-01-01 07:00:00,7b1a7a4e9e0dc4df31d6650e8c72f5658aa875ff8d2cc3143373c94684e10dd2
d6hSrCci2btuKdWCeMZhZyFgzk7q6fQNPhNY5t9rkWJM5kux3oNGCWnNBeT27Q4joTwmZKDEuNHvxz3RqwNvK69,1970-01-01 07:00:00,1f2136db2879be5be52e16d742fb7a5738b2b1bf01b6f829a2b27f61be6d68c0
5fostUBo7ksBkQqb2Q9QSGQJ96Ayt9FnEW4efYWSRAUfAYF54oxgtEqA9kNqwWBUUwu2ChSExycKvzpqrpeBX2Ak,1970-01-01 07:00:00,e988e49d995c8b661f0abd91bed0d5cb15cc108a988eb17790a889d237f20636
4TbuToCuY3NkE6QATTEvfXgGadt9qTkTh1Ymyi6M24bBWHZWJ66H9tc5vcgk3oVJNiygaoUrT6byEzdBNuASgoDF,1970-01-01 07:00:00,acfdcb0b0938aea0c9b068af76e9b13d8f4d8ae6d6fd5782c91eeedcdecd849f
3oJNw14VxCiM9YY4Nz815oFUCnubpzj6wn9sSqNKhtKtmryK3LjU9JEVCBba9qcN4Wcz4KWUWyhX8KYFnjSspUAM,1970-01-01 07:00:00,8bf606529620bdfc51635bffcd7aa5d08a59e54095e42ce18790361988895ce1
3bFpPEAJvQLUnTc1LU32DSzuMzhJ9ubCL8Fn8FBivQ2Tc1b9Z3kA16w1AKeiZ363rxZB7b1YnuqKUnu9aT1NyD2D,1970-01-01 07:00:00,81931996f580f7674660dd7562a67e3b907be28d7c36842255e3934641052d7b
55Ai54d7ySxm64C463wT7ceFa5MedbmtiBAmqkdAqiQ2GxEo1m4jXMoVHaSEngmKcYhBTH6EnvZHTeU5FnKDD5QZ,1970-01-01 07:00:00,cba96ababbda3e5f563789006027dd013b94f701c263fc21283018711f0df797
5QUWCJib8y6z97uBLpMzQyf6qWD7pD1LBxJCNeutSkz8Rs6bhtwTwFa9Ei1X9JHGLrbJ7yv5nFe75U7erLi31DQW,1970-01-01 07:00:00,dc4fae03bd85f9daf60c72745dfbf80ae6bb0f984a93675fc67627382c1465fd
31XozbLd5w2nXuvEFBeTXbDzQftS9aTXsBFWePaMphjbrNgMhJGpWiwAyxD61UeDEJcL2Z1fdZs6t5GNbpiuZjLr,1970-01-01 07:00:00,647df9ca7093eead22ce4da9636d69b326efe4ef4cfda9beb7b37657b48ba2fe
eTb9PUbCHJiMUcfTAygG625Xn44EwMVU71zMod86SKypewhWpBZ4bcayiDfyagifDxF3EMK4kVV1xXKDrVEZEai,1970-01-01 07:00:00,204d7f5bc40f16dede4d5b9a3c51eddcafefa449a5e0b83aa534f1ced355a0e8
9myejYMgWCRkvhsRa2JYdAF5Yzoj27KGEbRgBLbxAsj54ba9BH3FwwNA9MsLAKrjJKvUxu4PDw792WeRrkeqFhH,1970-01-01 07:00:00,07914fd5300f631839b5f6582229673103469f42a2615ebcd7c5a53c190eb457
3vXU1aPSNH5v5tkLZjSn6SxdDwBieXDSy7Fh1SEMp2ZNDfCCpTFDvvbrMeYZpWp33ZZ2ZDewym4PHhTB7TGNTHaH,1970-01-01 07:00:00,92313148e965efeceefcc29473f208b2dd72148034e5bbf922ae7e5d9c2473ad
5Fxfv9gmbV524Z94KL35BX7y4XF4SwNDbLyrKUiJM3CGvMiEm7eAHasL3VyQWfu3Au4fjEPAULRiq5qHdv1oooUg,1970-01-01 07:00:00,d4f802fa53bc2750eb439f793f636313e7204c96c687214562ce676c7b43f6d4
cSVtM8omoT4tbpkM3S5mLjJ6MUDgFHjvgxriGmGSbnRBdNwCv4qZWBUqXeKqcqkrXkZBS5oZJQavJmRG5Ym5HxH,1970-01-01 07:00:00,1e8fd112f09917fc3f93f6b408fafc49baeff0b2527f01b3a52c8680df37d362
5vN47aexbf1vs2zW97q18C8qDerDf8gsuxpHTvcCtGded7JshbKvxYams7YXENLbUqq6TJUZqqFjf1HqzjhYCitM,1970-01-01 07:00:00,f6161225434e22c657be682185331f4114d11ec51c8179da0b052e61a14caa28
2LDa5jPFsSJRgBNPqdmFUqbMxgbxMdE2eyrSJjwWLqTu48d237tBusx6YyKedH9aEW7sQZyLSJPJVRh2oo5g2fqz,1970-01-01 07:00:00,4296ba1cfd1132a6660d7c0b7f3a02b95009337e3490b3238d21a36116313302
4u9ga5QhfSd4wmsk7srid8eMbWyj9nx3HMaszVxR88efBMS4TjkxuxnH8xrkdo445Yb3ayU4yW4kxeRYUgFvH4DP,1970-01-01 07:00:00,c305dd894588c8deb5c70d8c59b9f48b06a440b39ab8fab867ff9b08a288c94d
5errZ5JQcjJkGcxwWD4xpnzHn6GoZSLDxQL14eXwEftSqq4HgYpc94pGuHhYPeznuM9ZWDbnmoVHG8of6FzdiUTE,1970-01-01 07:00:00,e8b775aaf704d9a3ffee74fd16bfb504520412e8580a63fd234f9c68532119af
3b3N1ETdcA19Ukbw4eLZ2hZmXfa5CsTLA5P4ivn4avGdU3hmv2shYYNGisAinAB4iQbxnfEstv8GtzKUvV1K2d6D,1970-01-01 07:00:00,8163b17fb02743c2170b8ec146ea3298ffc1accb56d5b8902da5ec6a4d9cc35d
2iVt3fAtC3asevwBYNY5ztnqZ4JcD5V5ztZ5da5xz94ypxZ5o7Po9RicknNBotm44NUebtFm43rEFS4dJYJWi8z5,1970-01-01 07:00:00,55cda1297618b0398dfdd4f8c0ea217204880922e441eb2204595ca1ca3749ac
3GRw3hBJwmRtZePwZZ12BQSUjn4MX6ZsCBDa3PVeraT6E1z7fq2Tcd9J5k781WcaU31MxQfZ2YFRGKLW3NcpRJpp,1970-01-01 07:00:00,7157123691c3d0bffef12c36740877d0525a5d1c0f5d031c676e7c378c96e03f
3jYehXWRtNrgCyRzWneFrhaMwRPsTwuQx3ZWkb9m9r5Hj6sSpeAkPyz9fjNSupBMvPrkdjDTZsh3FApNpRkB1EPq,1970-01-01 07:00:00,88b949ec0c97bcf0a69e75683bc45cd4c2b2824bf1e685ae4fd1879faae7287e
5G7UagC41pMwJ6WHoWYxTxMoZ4zc5LKKY1QPmCTQWr1TLSCpuJwwndntdPSMebr7s7Wei4daBxEuWEQ6nmMXGxYJ,1970-01-01 07:00:00,d5198638ce29e777447d35651a2cb309e3316376a8eb9ac57a9949b0593d6f2b
3jfWnLZudU5BkrjZ9yzfnjCa1g96NKJbxK6wrnzfKhC7JhprLwLWVJnkmQecXcNPTwggb2xGGC661TUMYUiaQhq7,1970-01-01 07:00:00,88d369c825b4b8fa93e9069d52243261872355b24def43eefb33810c264a3751
2KFN9wzSvDkYZP4fEBtVLyC2dD1ruErXRWERx4vsesDRgs2uuccfKbXq7dJGtFKrVxdjG9a4oX8RwomitZgzknk,1970-01-01 07:00:00,0122387642aabc42fd5e45b88c52facd7fb1c92463a75cb2ffdb61ce5a2f3daa
5dCHrxsSfErmsLHWuc9KkXDS1DRaiDcbTFVuyaTjxkVVPLUi6b41EfxJAg3us8NqaFGBfaKLsZbfuXxGLvaha1m2,1970-01-01 07:00:00,e747e91e8a123f0b3fc6094f685a6af0f687a7454458ae56418a6b08c0e2dc00
5NygVLwBpkdsHELKQagcsKk1XrijQvoV9r7XAw41ED4GV4fCXfk5cTs9jEk9x3QMSgqFUJpaYKbVgiDNFURK2qw9,1970-01-01 07:00:00,db0535503dcd185f87d5e9f8917190a72ae3ee145e4f465373137d6deef1137b
4L8k9osbbVwZuYCp3w3hWQz1h5Pto9EqasCYrazLQcd75VHUAUJpoxiuYvfR77KYeL8iGrbm1KgbQRi7yUS1PUQp,1970-01-01 07:00:00,a68d0f428a98cbf6208c365586376cfec35289fc297ffe2322d8b30336ab89c8
5TS85wMj2yNdkh4y97nNHDid5zeHK5sehT27ty6R3ij58tqAqoQoAvDxSnxZY9WK7DE1uYJeXMVpzCUBKXzRoLod,1970-01-01 07:00:00,dedce905f36ca85e4bcf63b28cfd8ef899c4c219aaa6c6ef213b1ccc87be3d83
65dheZHJJaJwuxe5HHaLu3H6UtYqb68vkjiUZvJmNxorEdyXSP9NqsQrp6N4kqrS1JVXLAgRyYFDWRXdhAAPNAho,1970-01-01 07:00:00,fe1482b2804b639528092c0e48e55ee80dc9e0fa9ab3849265f280c4f6789e36
48vZJJTXURmtRFSNf5GTMVcHDrFL9q2dkNEL2LsdkbT2qfXVpGnqDePACWFufVuqwKQPSDfFnniKzehD34ATTUvk,1970-01-01 07:00:00,9ce242a813368a2d2c9cbc02d804905eb5b1333ff0df64d1b0b4ca5e54a1b1f1
37GtAq6o9XqhXGXNGYegU8YGKa1hCVWraguL9oxD6GUp9L1HMEBF4U7AqqRqEoR8LQJUcp5Z6GdktwMDDsFQmbSB,1970-01-01 07:00:00,6971be5d56d8d16c003530c9304801a9d03d9113c46a3895e16eeb172a66183c
5yqjMVKwcuZ3ULbiH1UGkENj7WwL7GAtAT9hHBpC36xCY3jd46N3jFrHZK7RfHnkLdJTjK1cNanCSTP2h5TtswAe,1970-01-01 07:00:00,f915b5b78798e8e11d197bd594e4b4db84525b1fbf36a8ad683bd1061cac03e3
3FQAK9vFR51wkgccSoLj2MyChFTiaw41fMcCuJ8Mx7iVgxKNn9CjkbQvAG4pnHDQpwDvmEsMJU29iLvk1XcbUG6B,1970-01-01 07:00:00,7073908407c5aac1c651bbfc93666fd87eb72e7f9f065aee5551667db558254c
KhXP3hLJCmJh4uEuBAY9XNE9TnTWoQKQ3H1Bp9QPDThGxGeUqXdpsC8umdFVtqrd1iNFfPctpZRpvG4ZXF1ZVkS,1970-01-01 07:00:00,1020026eed1fb70c29004c6335e0bd2656b0012cc6c559b8e76ab66e5100dd51
64RUfBSY9TAjmR9T49T6V7vJ2tfyY5gGfHxosEJNKLgZdbFd9mMsNtXU6nCdwrVCp7iJvPbp4Q7RdoXECNo5VfaQ,1970-01-01 07:00:00,fd0937cd269cd4d61197b7eeb96c270e1a01113ff2ff8bf7248e6619f4fb880c
5PZxdEZBSfKKcPcFkoZy736HLoK3XwhQf2Cm4Npi2Bs49Uqke8U23h3ePLsNNPoKkqSMwSFyy8NT2N3JYZczgiFE,1970-01-01 07:00:00,db87ae543b910aad58a1f51db83d205401aa209ca00332105ab763cbf5b56022
2D45zfnc2QTxCkwZbL5X7FHrr6qZ5Wrjxxgm9prnPHbRHWwi2iTHtetb8uPwvDPfYEN6X7dL225ueHa3rgGMKcia,1970-01-01 07:00:00,3c69463e9b088ca64c5d54495f090a25f392ca4266d248e7b667e2f6b5b0d7de
ChbMNHbWPmpNyEJ2FTcCB3F6XuARvN1D67BZv6R3YM14G6vdoagLqbQzkBFWE2iUsvBtVyquPfGc5B2SyxHpG8U,1970-01-01 07:00:00,0a16ead61fa2562837f013776669f5140fd9c6b680d547c5ca18d46a983ae7a4
65MmmComF3dNiZhyXAqSmYfaGB8nofSX1L1xYuGABk2zPJdRktVU4B9zTiqX7zYDWEgDAkeEpmoEmCoDCWNudfga,1970-01-01 07:00:00,fdd7e144e77189381428fbab6af8e35122135bd6f919b96e05ba021a120cc64a
3tqiC8nrKRCkFjhQmEeCULKov7qcCk5ucXmzW2dcmAKXop1c6x5PpLTk1BuV6C9V2QSuh4ScMstoqxUXVgYbvNxF,1970-01-01 07:00:00,90bd1b66c81d9e799a6381b27d66fd15adef696f7e6934a9d14fcc7bfac390b3
Thtf4nrF532ri9j4B9MMR31981eQQRLgLpJmKCtHFuBb1MMEHCjJtcGrKv5YoqtjLieXpJSaVYqQdarv6G4BofN,1970-01-01 07:00:00,170785f25404b21abb44fac025c46b2408a2abcbae6a2e206793fbecd4904299
65hFigURCPAmA4UfKm1RULTm6u5mUjv6ETAUMLQEng3mTZnngqMaGfUXixYrFG73kdvMohk3RUjnUPvU8gPD3q1t,1970-01-01 07:00:00,fe2208b9dd49c51bfa9401d2cff9e6a74f781ed72ff48b5b5a87a65ac35de668
V7Y2C4qpppXjN9peV2rfSCoHyETquRuLs6xJ8UgZyJe9BQGgu3kzb2Y94iL2Kid4cHPgJh9Ps7YDDAx6kjsvc1w,1970-01-01 07:00:00,183e48da28af7adb06b0f502641d5b593d427f839e1b92213b685046c709110e
5oJZvWX3kyNVpUDfTZg2Wo5JxLRxU5rMZSemJRSh2581kJc8jk135LLahuZSF3kJmgH7MezrAy2sWN3SyEXAqiAj,1970-01-01 07:00:00,efff72fe7908585f62324e0ad82df8f39c0bf6f777c678d7a2b5cb63182e2b9e
PZCcU8SseGE9SbDiHzmDnCCF1h6v4FyqujvDUPFwhfpZiCn6majm5vjRhDxxUNBQ4P9PsXrKxMiWYSxCyA4rCj1,1970-01-01 07:00:00,137362e024cb483a8f0ea0ebcf02af6551053fe1cd5a107d12b8e212b269e11e
y8jVmYuDoFMhcFDH4ChJbs9FmjzBpVXGNVoUPxmPiGAKCRFjDiEUWcdAbAxyz1ypyGDdPTmf2Brce4GJjGuxkyQ,1970-01-01 07:00:00,3068414bc2f0085183585b8028a4204456665e53dfbddfa42482768951abf65b
5V8UUiqqCtaX7TQuZg7VnK8fBZWzd3B2fmCzTbt5gQ39RPn55xETS7hpwmFqt7wZ98SQsdvMC3P5uRia7CnLHv5Y,1970-01-01 07:00:00,e05343c52f408ca8bc29b5c89e5fa5fb4e1667f83f30dfc2a90b3aef605c6172
3iBvrycd29FY7wN5oWN8NYqhriRi1CX3V2NRyrmBbZpE9w4Ju9u7tCokwbVwstWxAJE6AFiTiZyQmj8Xbvm1YEMM,1970-01-01 07:00:00,878da719db69ea747c680c98edb267294d23a7b58ce2c4304064a76e268add3e
2Lrydzj9Gbh1iaDp7jktxXdK92jZXdALxezDnAGH9A67v9e3vnZT2fPahBmKkATmstFr3L2hecEmrR47PEX8W48B,1970-01-01 07:00:00,43251b04e80db2437fe9988b0e40e5877d18cd1316fb3fd857c7d5bc4f3637f9
5SAf7S2BazCPWU96iRXLTbFkjPBqVXJHqT7cei1wCVFbhJ8XMyHms1TLSjcbWuvWJ7xmyaQ2SidNFY7W6rt5GPWm,1970-01-01 07:00:00,ddc547f2c68e020e3d32a481313501442229aceea7a00fd5f820d2aab1aea79f
2NiqA33vwRNtYpr9jLuVDeSHw6CbTGEgQRf1NHBUeZK8SeTkkN4ZnBpjP64jSxhp4mtTWVtmsFKYc9RvGpxD5WNy,1970-01-01 07:00:00,44bfa0c26840b55a99687c884518230931eca16141fc8df3f05818a8a63bf739
5NA5s4tj9t21k4sP7LBuFH8V46HvQqx8aEPPoocQ1hEdydcpT8uLkD8BukFm3NYGGY3qjEQZGSU853d7WdmMiDWV,1970-01-01 07:00:00,da500a58e3ff2e03d19458654607196eb8d6ef7a204f3d8975076a15159b4c33
4Bh22GCxNJNbM3PdaFf6uVhhNFzyaRYwNWgGDvtuUsxbrmoWzCAvYAfMxxwkGCu1CkRbaT6WBG4j2waGvoVuC9Lg,1970-01-01 07:00:00,9f45052814d139a2e68515551a843d5a5020a0802dc919af5ae7b50dad4a08df
2fNf6A96wNydS2EuRbkXsrt4ZQFHtnFjY13cp1JqsGFcNiVMPNNxnu7J2ot4pptpymfwUkipjQTcjNAvBLmJBsYX,1970-01-01 07:00:00,531bd757162ff74702966dd065c0771335edbd55b6bc8787a0dbaf6bd5f5735c
YHuMJ6ksHHxCUiE8iYf8B1ejDn2RQwSNF6nnfge8oPAwf27fbfXSY7KRfqWrtpRAkNCpuoZKT97ZYocVUiPYBPC,1970-01-01 07:00:00,1afc0a8fd2e18273b368e527b61998a9a47dc1e9010474bb47ae7360e4d46360
4E3swgCAF6FP4Nw2N2qbEu25PQgKG1PcWaY7zwn2fzuUs5TcQqr4EDgPNFTePBq9Sx6DFJMY1ai9GrYuG8R3ANFc,1970-01-01 07:00:00,a14df38be68da716371066d6a8c5326c07642b0bb0ddc336ec171535aeb73f04
egeYkHCCMhVCCUeNvuCXHvQRbXrZP9KPhXE91sYtdCpByjqpo6SVXPqvSdL5fAuJRuWxQp8RSeb4UQDu9yu7VJD,1970-01-01 07:00:00,207f33d9a803165ced67e9f7527aa9cb967e4b0935abcc90c400c62b6e5fd20b
RfAjzZdAZZ4UixbmNpWdktJk99kHTS1qhvbS1mMGHZY7yf9UXokcEmMXJeMFsxCJauGaz3zuHHr9r14GQ2c7Hpf,1970-01-01 07:00:00,1543a16e197ed81eed0d8bc9e16e7de3d478c1984bab326ae1f971b814724914
PKJJu8Zrck7yrFvnkCkHesw9CofusFCnWyCvwpQp9o6hZF6oeG3KbXrat5b87R8Q3KPtFUb4hC1QwMznif26tGP,1970-01-01 07:00:00,133e78da4b4da1693775b657abb379923a967785894f52f210c949cd56622b00
5WGpdTev1soeiezogBnhy1npWTjEjdTyjJAGCKnLEQTPMAzZuYy1JBSLzT4NA4Se7iSh4RavQ3CFLHujBoE52ymc,1970-01-01 07:00:00,e14fcd5726cc96d3129081146080e74ccc255af14ef3625bdff51ebe0de48ffb
R37ELT534UkT2myhFHXPXvLmnszcjo3LM6yUbAXHJ1QDuD6W7pEMx59w7r6ZQCCrGYKnJDuJQ6zUxqBP27eD9yB,1970-01-01 07:00:00,14ba5fb13e7ecb894516d9c2e706f74b9fef31c1579c2d08343789a030c00d2f
Mny27ZCJUiMNksnJ8AQjeZuUEbGgbnBQUWc7UgGpzyPkQmtYco2KZ6RYXzm57KhMiGP381dsddSawDpjG7vqBnQ,1970-01-01 07:00:00,11ee40bd5cd5b627a7264567ecc0149368f04ba5a4054d4ac9b0458f39cb0375
2ptvYAWpCLsjfU2i76Uhki3rrSx5SQ75MfvCxHwKjPbESf2AD91drQpQE36G3tuzeYxRwwgQ5EpnKRN9DDGuNhsd,1970-01-01 07:00:00,5b51ecfe40d254582bcd71b4e3bc50e57689b63bfc4efc2364c9c4261aee28e8
2KakuJbL1c1m66mTavWviPnHBg7WkR2PmDyFUnP23m9U1Hn1x3vL3suMZHdEemfAf5AAvPxtL9ew8jayXqeSrB6Z,1970-01-01 07:00:00,420a9abcfd67b9c22f0ee7e1d102fc2e6de0f85f97459e133f97238a016ee7a4
4QzxBQeS2kZni8SJRZBvD3KZei3sGWtNPJTyHDSovfatiAEEKmzELyP4CXBJzioNHTeNRapHeTfNxPLP3FuNVh49,1970-01-01 07:00:00,aabf38d78033d37836390ebb1e7e38761a792ba242ee3490e6efbbd62782c17e
2ssVVKx4m59Me2BgQmPT4Vi9f3yUpnU6kwpf3pzAvkqERwcpewqVUUmySif8RPCLaKmpRv1pCPqFtChU2sQwguNe,1970-01-01 07:00:00,5de2c508a182d19f2dc97eb05143114b0b12da077a5c2777c0f785cb29b400ac
MJ1cFxxZdWyBqxD4VX1PmsXJqe5uPGZkDnXYLdbYuGFdBQCJqVHAZj7H7zETgxTbAGYzXsSc5EXxtVRqwxgckAo,1970-01-01 07:00:00,11800a59ddb8d8595ca3c8edf787776d5dc889eb8e1f9d6236fc140a16dc4cfd
2P8F8Z5gpE3edSbsTsMT91bNQChV1AubTKzFZp9e8ZFUFkjWVuNh2zBFWSM8hpkF5tWcFR42CzbTyr3sbkmKmNuL,1970-01-01 07:00:00,4518bef4a2f021b02d7d107a2458682302ed830e78da4d08245cc79bf15c2c05
2hXijofVZSNNw6tHkh1yHQHgqtvtAfPj7ZLACJE7Dr8M3R1n4YNu9BygoVzPXCaUeZm6KRQSqXYk3QBjiEP7gufk,1970-01-01 07:00:00,54f7ddd97dd15df9d7a421c566fdf117a75a3432d2f839287fca1f137677690c
5T6yLyHqFrTqVFswP5V13JGrHS9VgxkPKk7QwRZjuxddqAyz9mCQ47Vrcg3jMtXXgqp711JBkcr99Nuaok3Z7cEy,1970-01-01 07:00:00,de940464ab9d63b7d53444d683670a48b374230b0d9ff2a8dcc2fdf43aae5f69
2GTKK3uWAxZT1kfK7sKSVpH4xcTMDKA4iiyu6KZ5MNKqATgrQvWqdbjZNyCMAifq9Jaz6tWtJKLteYsLeezAVpYF,1970-01-01 07:00:00,3f57fcab33ebfe827af6c1bacf46f452cb280ed3be8ab755d97721b4a0e64005
4xneKGh2p63XoxGag9VcFfhzoKsTGHdkR9cZXDs2djvhe2BCihKAJC4cdN6eseCUP6qPbxXdvdvDkREvu1Geefn7,1970-01-01 07:00:00,c628d8147847155ea55488b03d1850a7a33f27089d673b3cc0350405f178644f
5kewoaTsSnGqGckqLjMkZGa93ux49TTUVz58waEVxVh16Uj6HQ6rooBNv58DE7L27d1y2ie4gjn9BpK5gc88Kuyf,1970-01-01 07:00:00,edb6b7819b13a6cdf5c34ccd9863617e96e56409fdf2164dc564040b65d78eb0
Jz652XbbMbmrs8A7VgwjTVLbcLSzuPcMz2JPCxMe2hKkyJmxXgqd2pLegDo4m2SjgiMNbVpGcPFvQ2LZGZzdx2b,1970-01-01 07:00:00,0f824a6a1dad1c4ac4c9d82d90bee8be98bf1a68de9eea48b0e05ed001460740
39ZL27zeuTpAF8ao5FC8SuVRmzmB1u3W2KLaCh8s5e783CCNBT1RDrLAB1MLQb9Dnr3oaR5TmRi3JTgk6dCZRtjv,1970-01-01 07:00:00,6b69deb7cbeb0da3981d00c8f9c42f4463b0cec104556ee6a14d50af8e38679f
3Z1YgufSRc8TDv8vgs54n4UwVijeENXWtK79Yy3xBs8Fhj2yBoxgbyRmqW2daHRAT1M2fHPZfDsL2KdAHMmu46ck,1970-01-01 07:00:00,7fa340a7fb1d52cf2424f531916ec2fcd019ef14b4f681be5e56991af0893c3e
21EfgXHa4Tx25hYNrPmFzqvHA3noBnqqbN2jqLccsF1UPjUDDzBBmw68pCCSpKte9dKXPWcWTDa1hJPHo8YUrnre,1970-01-01 07:00:00,32385f2f7ee1b6a6609ccc34cce7a1305158c4687c74e3bddc47e0305e965d64
4KHESyrDujH1JR8fY5axvwDU9HjMwAGE3Xh86LCp7KR7HzKv2wZxum5QRUo6WQ4SwTShG82qyM2WKKjjkoxYadeV,1970-01-01 07:00:00,a5d09a282c640c2d97da2674fe202fd7ff8222f248ef58fc76187e66e3e1af90
3EJuVKCWTAjcS8kFvJThr7W8J66Gi8tQUqJifQJMmFCxVT38VbQzEsAB44P1Z6qu4sznhmYJ5p4BsxwgD7HWY4Zz,1970-01-01 07:00:00,6f82cba637bfc1f3adebc3767b0d28d08bc2d53a5352f20c2cd5e757ac855a6d
k6mW5kVgmWzLCat9SPvwbxBNJ3mMszMF5BeFPszxXiZxmm9SRFYpeKZzdN5H9Kccfq9qxUUvbLrHQdoSCyBhowm,1970-01-01 07:00:00,252ad54df1cf2211628734b7d68f6ebac9f004dd7a7b0bf44754c778783942bd
5EJ4fWAmmL9vGAvfJ7n5dHvdPaKH88TiVt3jYrKAnu4LkCFSUtPLB784vhT3qrZt9karwVWHkV5HFeGVmWEfUzEK,1970-01-01 07:00:00,d3884b6797fd32f2b8ae8bb22441294ed268b2986a50d511af4421b64fe728c5
dCJB5pcA5eL8p7X87Lgjx7LC5MUpqDqkhGXrYY417qNaL1ehLFVM5in3zSM1emDC3S9MRuNmzRk1x9ciBFSbDb9,1970-01-01 07:00:00,1f368657f37f526422d78ffd24278b2b399fef30b79ba5176f7e39874d1859c3
3GQvQkQR8p1hM8iCakh3HhPPtuQSNcjCQ5hDn1D5pcP3DNvjDyakVBPubbn61FvPkbRjzsnUS8feqh1b54HV3FdH,1970-01-01 07:00:00,7153391a2fcf9873f2494da13ad820d2cac124f51fa37cb76aff323116b75f0d
3JSuPTh46cbay24bbUxnj4NwGRww7gzGjFFWwodBEP5exrur9mJkepeqrdmA13Ndmra25cB486bFGQFMApUhNDZp,1970-01-01 07:00:00,73144c440616adc41747a060d53b7ef0972634a90279f84d2d6b38fac0bb5410
J1FWsE1N18mtev63CVVmDWGLmjqSRUFrop7J5ofmWrE6S3b8dQvE1wpm6eAPGF6JvFHF5LbsgcYLfw1RJhBy1dz,1970-01-01 07:00:00,0ea9f3c066959acc8d80e95a403b7b7b3aa3ee10623e2deef7a60fe3aa69ef0c
5XLsyD1n2Eo6Tg8gbT1cqyoncPrqr5nGfyKuLTctkPvtHutQ8b1PW3ANDqRyssRBqnMGFtLBAqe6rhCSekoEZaoc,1970-01-01 07:00:00,e23c02dbb577fb93a1d7f2388b62154cb27dc27a66f8f8cbffc99fe3b855a451
4f6djmznVavXjNjRdn4n4sJWNUL1Q1EGaBfE8mNTYLGFGEkhGXxYKXKWZ254bZHNMSh1uPXehkLCwWsn5zcrnaKR,1970-01-01 07:00:00,b6e78e18230ef812ea46c837c740db7bd001b4fef25e08ef95346867941950bc
61RFkUn6N7ptzdSXiFSyM5hLf2mALt3nPQu8dBkMmADPwp77dTRjiE3aTnnWjLMQnvm24vS4Vt7vqYfaQgKELEbv,1970-01-01 07:00:00,fa7213a86cb68405a52a1b7f6bd90e09e7e273d75c4149065532f0b6aa8ccb9a
i8eWREgL1uBkNxHPnnQCraMqqH9QZdKkBa6VvqDDDM2WZ5RT8ixYQ8tf2suW6YNM5tTQ1PyEbPjyzXTDhiUxsKA,1970-01-01 07:00:00,2378751a396b36090c24dab3d8e61605cc776be9c06a057c7afad16250994e74
1ZS8eNWCeJbH71ryxogWCiqgTy6ZJPU51mJbvCcq4Uf152vKnksKdjfP6otNTE2nRHQna681Jfw6Nb1wsMemfa6,1970-01-01 07:00:00,007b73539f9c031927cf1746664fc51932f734c40d52b49189b0c3c2bfe3169b
U79D3dAqHaVVFSX4bwZ93j4AKEN81FrGFeJr9zvr347gJoNJzEHCRUKtQXcABTQMhKG8B1BGrVYBtnr9hdUN5cF,1970-01-01 07:00:00,176005d56e353d97a4567dbfb6ddc1619ee28af191e3a48acc500ba5465c8db1
P6cbPtCUspsips1RHAM2eu5W2iue2Ldx7UGU7xUbMPUKxL6dhShUMH93aEqSv7jajY2TRmqCAKixcwqtdZEXKaC,1970-01-01 07:00:00,130e30b566272b01dc8978df410cf2ac897d1acc37e8b5a546665f980586e46f
5SFJBvQATgakcVCn86jYWPBxP1scjtN8AwJpf1Rbso3j2udZB3Uw3bRQpoZUVKtHsdpojgCZzrfrnNSdEC78uRzj,1970-01-01 07:00:00,ddd6f07e4e26f7ab0b7ca468df5b052375b874fa72a627d721ea893f5206494e
5NSiB3WF544EQ1tgGghMY86ijnRf6XTAe3rxKSegtqJY9kbr6NaCwQcLSUQZN5wj8ynZ1puimEcS2su3VLTJYHg5,1970-01-01 07:00:00,da8f52ea0c8a90804feb44a0c18028c2783b30fdd842fe0142b32d0cd16f19d2
53FMNSodnnTXEFAQ4Xk3FFKwLkRwYU2GRn54FyaZZ7JaC99BYA6bPzn4ME32SLEfZMFWFhzuzLvi8QbBM2TT7ivk,1970-01-01 07:00:00,ca018f7ddab440b09db42c820bc89c19441cbb3d93367d9fa907b6cb2008b971
64PMiy4ivtsvv372GQ8ivux2gXqrxxAsuurqNY3fQKAStBccaiHKndMscasJWTnSSLwEGgyZRWvZV6NBzRV3LNzQ,1970-01-01 07:00:00,fd01267a4edf62064d073203e008c8b203b9930aa0d95a208bcaca486554c01b
oUKo9crcLbGBLNtiqcLaj2E6qqR1LPHgGSSY4zGMkrjTh8j5GC1p7mV2E9XKiPX61ewm36gGhEgHKeYE2nexZHd,1970-01-01 07:00:00,28132dbb54e9e3f407ec8167977a0559b8fad09f588a61a30610bc04cfb5764b
3aJYQa6px6yCU3J7DgRTpLxVz52quZ8ghRfbQzb7LChbP1odAm1cRU1Z6JVwA7Nxz5hd2q5xk1cRB19XJEJeQ79X,1970-01-01 07:00:00,80c0b4a57d21dfde6099cf0ef3042016d7e6ad89409ef15802947a873a433157
5zToPTG7h4xjEQdm67V8mqs7Sfw7VopFCNZAXxW9ZRXj72tcLDjbZrnq4MwBHxznJSy5wdLM7zTSZTPuMVhXVBLE,1970-01-01 07:00:00,f99f003bbe2d88b4438edb4b8f511895057c98c2fad8d91641fb66677f614e9e
2w1Txih8Cvgc72kjaCXinA6FHYt2jc59wqyX58g6ZrWmwPcDMBexQoDxrbMrHcgV5te9PUZz8DYkZafqKNQBTJ6j,1970-01-01 07:00:00,609769ebc49f7a5988d412fd97a99b769fd4e996cc10b47fcb2970b61b92e5b0
3KKU9vhHYzYmpcoQkgubfJDWxQugyZqe4Y3Tb78pjxE3BwK1gQpoD8KVUkQ5nXRCYBbHipMwF7NiWPbR2rMJZSra,1970-01-01 07:00:00,73d4c33b8593ba8dc51a53926d7ef2a599f0284b83a7e7479d6fec05afcdb35c
4Kfp6ABJ6DdMmzEyimD4oTwphote4NbUMVz3fs3AgwFFwk7p6Xh2TZ75dPZSwVqBN8w1oGZxLLeeFXrJry9fxA2F,1970-01-01 07:00:00,a6268c57e07dbce61b3fca21dc9bf796c358a001681ebdd7eeced76915e027b1
WczNdyH97SxN48VANHvuPmNKvSD2gwa7fDmxE1JkNSr5T1QwfhAb4XaifYxE3oHGeEcStm26eXgApXJTKw7rb5B,1970-01-01 07:00:00,198b2937950db744132e2c39f4255726fbe7d3845c04cd1f3f8f3ecc69b615d7
5rcwUYaqGk36sg3sx69iL2HgDRC4GyMjbNe9wxqArVueQqh3rMZvHtP5AKxeMxvJHMd4rdjrx7dKYk43stZF4uxr,1970-01-01 07:00:00,f2dbabb9f9c10dde95354761f5764e7c2056ca971dea43f7ec45ad4b681d91a8
3QyNna9zEear91xN2LpScnTH776KDJPW6FRDtey5hAdgs3jhu86f3BY2TzYhVx5iVTE62hwr1x48atCoTPzP864D,1970-01-01 07:00:00,78b4df67ed9955bf6c6842bb9d79caece98e348ba766ca05ddee000cd851b118
4Esg6ACnUW4tmdPrShmQP5BEPWvXjL89J7HoeWTBxM4tjZYi4Kv3qZu1L3vfk56PF6Me82ADZ5V1hfjDiUn9hnW9,1970-01-01 07:00:00,a203e01064ee1293977fb28fa4bfd49bc41eed85e704d47cbdef63e311a637d8
5brCtvyo1aVssycCeSrb2qwh8hKoZevG7UZPjTidys26QLbrmohTY1tMaWUn9vbjigW5G7jQuppBap7EbMd6pC2Y,1970-01-01 07:00:00,e61eb1bca8b440fafb0f283a4e2d8514c5fba8ceebb80ba03bf1cd4eac24b16b
3S883r86vqnbDDMUer3Usx6nJjTMWpzVTWhnKDXaDfNMLf6LKXZiDLYZT8HGanBQq5HeLVmXxMtJx2Dvd4Rhma6a,1970-01-01 07:00:00,79b2ed460524c6626fbc67eff0a42b84784d862653628872144145e53a3dadd4
3boRPebt7YZBAgCxmLVcGzouQ7pSahHvwmbdEjfZaf5yFuk1ss4deDzqazDz8poFKKkQ257y8cwTdc7Y5LzxB5PV,1970-01-01 07:00:00,820b646a8b2e3c0beea9fcd4b816a3f9844ba5629e78c4ebca911a613600f36d
65n5VjVNELYwWvHFZAELEXZX6a894YdPpLyU822iAioRhmZMEdBYTWM1vLvn1K7EVqa6sjCDgzwr5bCycj33UUp5,1970-01-01 07:00:00,fe346505a4e733cf4be315c51e329c9d9a4b5d24741191a4a676fccb1befb885
5NMbnvd9ECjc6ESNVRfnUytbbZ5zkgUvWokkwZmG6rZzg2BcRhz6ftpqCshG6Hm9bwwyXyt9rUXQKCVqwTt89wVG,1970-01-01 07:00:00,da7bdfa88310852159b24a62a70d6cf852a66fa6737d3c07f5d03b3cfda85e70
5R7EZaZ4k5SXKZ34FWx7qAKxQacse7EJ7FUTpHRUhzvdT2AAgS4dB7RVjpAC3j6xM9GmXtxLD5fbcq3KucDRiG8n,1970-01-01 07:00:00,dcdb7c87c0d0184e58cd3c8d73442e5dafa8eab16b1296ce55620fef299f8817
4ekyYADmZhtoNi4ecAB6U8dUzS67chB25mfTRos5vA4JnfuaRJUkRmYYhsF7dhFGJX92v5UJYAFwRzB44zdUSfHt,1970-01-01 07:00:00,b69cba8a3fb60d55c65671b02a16f05f2e5885f8267a545713a69554153fdc5f
2ekUH5Ny75dQkgqsmefvqAc8PMxL8D2xy8qUYCkVeqEHEd7gEDLyWTKfG2KZQLb5kfLxcgRx2wmaSiazQhrrwPwU,1970-01-01 07:00:00,52921af43ac875e5cfc6eeb3627186658a7d71501a475b1099bb07535032f632
Wrv7d2o3B9jhNWdYZZ5KHJbRHAiZhTfDzLYmAAEzKFVY6htSbuWLWXsYkjPADyEhRWr9ogL2Hwv6owbb2CmLwML,1970-01-01 07:00:00,19c02b66d984e54b216e503276c7ceb2ba8d853cbb97f6ace17cc3e6d2e38da0
24xNs7Vi3seRe3eT6xNJqtZyxAao6YNxmW5GjzuiNWuvqqnEncR3bTASQ6DD7TcET3JnHFHWX1n8Mwm4RyZBvyrg,1970-01-01 07:00:00,356d6d2182c796fe74bf0b440a1fc98056fc7d164097415b996c9babc59cc1c7
5c5TEuGMnKkcqjUrLg7qo1dUVR7tJ1uqbbHCSDuKACmbSS34LpK9B5NMEJyxFefL1hrzsrjo9mUbwAVJB6yv4j1M,1970-01-01 07:00:00,e6511e0c92232b1da376a43228618058d25f2a220b640ff4a1c75a75e456baf4
3H4WGkof5qce9YHsrB4U3ystN4gPLrpiDd6zqyxKUKZTVRG3aXJoWx7FkLVcmucmjZaspLTdvKLi3TsE3Aimy7Hj,1970-01-01 07:00:00,71e247262bb15d845d3afae2ed8485fa4610f45c274501ad2f6494c115573f62
5RS3taB3Cck21uhBT6gLJjmibp86NwFJzMJBojX3qinDXLrAgwpvgTUBCVKtsUUnk2mHmrF4Q9ZNsL4rijz2q6mi,1970-01-01 07:00:00,dd231b035a3ce796ff96cc3e850ca4e594bf7c273f65bab48dee460bcb8d64a3
3j2swtVxCPCK2kS9nBuPTvoGQiwRSyEUspNmUc3SwvWM3oy3SGwaBcKM2Kj38QyVDarZu8edWjqmWaRJRXWf9uVV,1970-01-01 07:00:00,8847f831fdbd24ad23bb3544839d246cbed075b053f5f736068b3af7e90e16be
2R79vGMnBFojeADaVYqMjHZKVqjCah98y8xqYgLzUSyma7aFVzQyhwjrUfsaGPiMmhHRXEyuWTwvmV4Ls49FrRLD,1970-01-01 07:00:00,46ce2080d0eb37223444254d62c156e8914720d62435336bff6d62709924c0f4
4SmAzDqbpTivm62rxkMGukJWYCM7eRZG4t9kTqDK8yUiFwCFz2F6hBuNpYaonDPwxobQ2vUAfgXcdRzhPGoVrNhU,1970-01-01 07:00:00,ac444dc94d2438d0238f1d8171adaabc89532f68c809b22d8a29a6863e49c439
54XrMJTtMwwAazcYYmUkGmjSJzXAyvqkpYCe6kk5zdvGrsnQzFzMk8SQnbHJPXu3KyECGhszXDzAeHZHuPzxXtCb,1970-01-01 07:00:00,cb1d20ad901c9a012887b13ec7c34044ec338b6e339030641adf1968f954836e
3fqvRyeDZMEs9QLjK9joaADaJE9y9S6VM1zKNRVtyNWYpKomURVN3kxKd2YfDqKi8ANcWnh44mK4w3w7DuUrHkRV,1970-01-01 07:00:00,8587f8264a9c604f6c7730fbd5465853e48409298593c5ecb515caeba74b3e3e
584AEkUkoo2HDDk64rz7VLcVo1RMh6Cp5yuKQhrwfZrrEAF2yhrDQqv5Pn1effiRqmJwAp4kMVeKRmnyzbYjPTDx,1970-01-01 07:00:00,ce26c8bf9ae5b5e6a61501d35a4904538c7903976d6dbafa9ebb24bbbc0fd0da
2z7Cq3hdXkCAP647WdMRN5uyKzsGMpwQRKZgjJcfkDAR8PF5zjpP447LHH5ovwtw5VoyhbdQUUXyvj3NLgVgdrBJ,1970-01-01 07:00:00,63438d6e1c5c71faf0b5af542e26dfe96cded85aeebf57a55be934bba32b355c
sfRYb7JqTL7xLL93DTq7GRjgQ6Aex25cmEuZ1Q5gb3eTVu1FCo6xu9AEnpkSX1m1zKCcqucEpSA5VmzGYKMTv8k,1970-01-01 07:00:00,2bb07bdb26ba747e3e1651b043f268b29f61be83f9734fe35369c33cfaf7a234
4XkoGA7Snx6XKZyTb4Qo8kPECXmXbRk85qujNor9BivFAmcKbPFuS5vKRm8eV2xZRGyJYKQgSFkXNNnRGQrAjzgv,1970-01-01 07:00:00,b092b3979bea80c9dfa7ea45e6ac5818691b5d73162b889562b459af11338ba2
4notZigsa4im3MdzCc7cgV5N6y2fcVQp9GpG2osm93sbNHY3yackcVDDikpZVfkyhYC5fWUNy7JKurKQaNrCCtvK,1970-01-01 07:00:00,bd8df04a2a721cf051e77342d1a21af53980d8ccda8051196762cde1f3ee606f
5aj8m91L7K55LZcET5FUTvMSRab433fQ4B2AvBA1m4CQ5nAPemSVzd2vLsETQGQihmpvs8a8HyB5qpspGsehmN3X,1970-01-01 07:00:00,e52703a7260c3e3a14ef889b495330e0faf8ef7db6fbedb252d3fdb5a94467ab
3shnFQrx21qCi2u5NyGCL9MiJ45QSoFZwMkpnWg4bCt45zAf8DjcYAgEEgsgS1wa84GBvvJxKvudJ5nYcEBSJYsR,1970-01-01 07:00:00,8fc22883fe2b37729f67d0d7394b65e1e023fbbd799947875544e3ad46760797
3MpU59vxzypwLxqEdNVY3WLGDcTypMjyaHtGEUgoE2rNhM1CkZrUoowxZzEYDfXvVrp7aE9zJbHPATt9HGeVSLuF,1970-01-01 07:00:00,75fcab3f440422dded59d6d3169c89641628650c5bd179e8ff8813fd77da31ab
9myEm4kNjwNeuNrn7JurMLaxFcRVpTDvuTeNuf4X4ofER61YPrJ6gNosKvWNFv1oJE8XN3YB2N5mbD73q394uVe,1970-01-01 07:00:00,079148e37a277e2760bd5080233dd39659f912cc2f21796ae6f2121b2ac51b3a
4NYZtuepKck1xrRsDYn6aUkuhXqejGuf74Hi8UoYpu9NqyGFaXhnbriVfiX6jTCRqPiMzytoAw9bKTj9SpktHdUF,1970-01-01 07:00:00,a8a1444a78eb0ef37249cd06cf894ebea414580ddd4332681d9d4f112a37b009
4dEGoe6ZKhQ4rNPNEfnsLsBVnq5SR5Ko1tuzqBukd2WhumLzjAXUYoMQoshnUhqKAV8mpCat5EKvmiTC9iwKnSLA,1970-01-01 07:00:00,b54b1a2b6a22311cfcfc83617a028fac1d207d22214a72895dee8c984ae4c613
652YdJ4UamV2VkX4EDKMQLqzgDX2ax1Xd9dSsWudCTQJNWWEQsMyUkwzrfoqocNr9aEfyC5SrAzaSh9uxkhzDSNC,1970-01-01 07:00:00,fd8eb2cafe1906a74d8fe6dbecd07f7f5fdcd4436c50d1c6defc57dab7d8e0a9
3VUaJpYHB2bZ33Bjvzzmo5k2bgVCfJUtQij5fL8GfSxVGrW9ebcrHgzg7n6ube1WdjnndLVoxngbLhDmKYYgwiUk,1970-01-01 07:00:00,7c9711e236228d8df0590231e3305a1adc4892c4559414f698609fa0545992d4
3fVhdnoXEqD6ePJ7LNWvjunYJ1ZYgUBv4MYYhqRsXjirjs7YKB4HLy6yDnSjNQFGQYxzG3CyrJByptzijuupVGYT,1970-01-01 07:00:00,853b00f9fce90f49e4b68348b38353ed1f192d56fdec272cfb34a4def3bb231b
23yUs7U1stJTSmuXSmwnRt1KkJZKzfTbioTfcBXdpVG523YBV4D3nfjEj1gdQMN1xwGLNBTyMAyai519ZQ5F5e1U,1970-01-01 07:00:00,3494dc95293aefdfcd4561068534295b149eb3b24b5b8931d958ca0ae0097a90
4ajtGDFqD9bvtp1bJvRkZeeC3VxTKy85qfmRj4P1V8dFa1PQfUnCqqViSkaHp7n2HtQEZT3a7DjN74bnvncoxLnM,1970-01-01 07:00:00,b3258479ad4f3e7c0b40752aa15fae310a771e0b19c7e8232084d90991c491f4
rDxxhAtvGVhdp1EYMAdQiGC9ZWNsgbDXAwZdmhypoaxntJa2i2FhDy1KtYLLsBSp3uRooBX3iJm3Wva1ha1bqiN,1970-01-01 07:00:00,2a72d13bed1569876b4abf7688a7edea4081ed66450d6446a0097c83fc12414a
5XA8tySaqtN1biHN6vPo3p51MFMEjEkCodP3PqensDJH8ygGGRVsGWVwPKQ1TkbV8y99RCSpUcFfbgSeJv2XAE7n,1970-01-01 07:00:00,e2131f20db91ad0a91ada36535d3d7f3a3434985ad3857ba797cac203f043797
657avNSXtWVGQjgpVpBPCB4dkqsM2yQH3onm5TJUMTZBXSm5aGM4F9XVEGGeBQjs93PPYsXqM6GgUu11UTFgTWay,1970-01-01 07:00:00,fda1e16333358600e88159ef37324d3f75597d246ab4e14ea82543ee9fb274ef
GMhULPfv4ZSrWF3D15eTJ68sLrumQCrR7s7bvAFYEFUMHwabgvf7f4x6F7AL6FLtBnmaT9RDKECHBJqJsjawgu2,1970-01-01 07:00:00,0d3e407f6f89192c6751881eefe7cc120dca6bddcbc85450b599aef1393349b8
4nz512rbBfJPzBE3nS2DkbMTJ9hje6NdthUjG9Hbx1Q1ARL8ecu6oJF3T8a19q7KKo2zV1spgw8tuAxgZWdv8SwU,1970-01-01 07:00:00,bdb4afb84a5a4e9d7e591360d656153f22bb0b3c5aaeb9db2c1da3ed809b519b
5wjjGtCP8VmL2uGGDYQMTsuTiS5jfc1gtCh2eVGyMtqLt7XR5Sd6umfYJ44ZWvMkQsheT2YBYsP8Y1CiMpwFAZSL,1970-01-01 07:00:00,f7455668578f39b63a3ba201fb5b39af0489e962c69e48410568ffbca25c101a
4ZFkeT7KANeDuFTgRoMxMvinV6R6rJ5tTfJWfP5WGN457hQ6cTbK1ombeRNyoKUQqQ5H5uy3PBDXqnggbBGyj25G,1970-01-01 07:00:00,b1ddad49847de401669a38655bc54c249e616b4cf049a6cd6e73c6354c1d687e
3AUahNw1tw8fJy2m7JEMRwQAiRacGWZEqeBs46EuPUUYcnPWAporWzCo6UC7AJL2qBVDhTD6X7z9H1LsdigKRsxH,1970-01-01 07:00:00,6c34910089bc5416c59eebee449e47837cda7cdf9916c7ee8058b4cb23214c90
3DZXbis386maLPGWWpzjx8xU18UPraLhYwoLvHcTnRAzLj3LZobavRG4jR9KBrkCp3ctU6S6WUGty5ph2i2sHt9H,1970-01-01 07:00:00,6eddb0499c04507fae607d8c48458fd9d9355b306617b211671a6605729d4dec
3Jr2MJN3RDRPqDjhaazgAdnW925vumuj3u6G12iM5tmj8mkD4LcgVhT2N6rnrQJNuQ6ZZmFunriuPhqhGjig3rkD,1970-01-01 07:00:00,736c4ca99c7c6f9e96e50d1eb82b05e00372941811976e15b12783f25cf1972a
2kffnPHnDrATpko31u1oHCFGcGAbKD4tbkKwZzyhwt9PYzgHHDb4i8xFbjWpwrkby45AMJvEGsjcCPbV7SCaeaia,1970-01-01 07:00:00,57ac6abfe38885156737752944f6e886b4a2068ef40a68b4d58e444cd6be8a2c
3kQGqdZLUgDAmqqbEsBHrhWYxE1aCs1eU1XrReMack6jgaikNmq5ibMJ9T65mxF7PdsoA1rCfcLBSCcbYqwAipF8,1970-01-01 07:00:00,89762b25c5fb4e1332321b7d24c7d9bed5ff8b79b5e76ceab988dd71b7c689c8
4bZmqrfZUdaE4rwypZJxCDfztMJP9e3sKXSV6ocYZ2ueKyWkuUB8FL6azkuddS1FaktKbtiukA81QUGDuzYJ65Jd,1970-01-01 07:00:00,b3dbcc4835daec58a3bd801044356926bb298c9228a6d291efac886c5cb899f0
5HikvVNWpUrpkF4cYV8qpTkVPaSMVZJPUGQUy49FNG2SQ3PZeREYADqsyMUkCuGJ31sGY3xxiPTFCRggFBdycRHG,1970-01-01 07:00:00,d67c94dc0c946defab01dac5c14d94c89e8090566f2f12d517f4337b0c36717c
3eqeBQVt9c1tsBfD6kgABra28dtguPnQJxvXcAkjDvPTVCpe3Vg1MHAMAJ52DQ541m58Vf8MJNUXYTHrUfEk4Q7e,1970-01-01 07:00:00,84aa235e11b27431903bf52a217d43bdaea9412441f988fd82a1aec3edcae82d
5E13ZAxnB68FuUG42Ygh8QtQFeWWq3TE3TrcwhQCV7DpLpPGDitJwejvt7xeGZeqYJ1f4yySLmBmCmVoF24tGf9u,1970-01-01 07:00:00,d34783ce8e9d892bf38a70958fd0870b2b5aee35eb937e685a8b1576358e37f9
oXpN3eAhM4FdgwcwNj98i1FQ9zM2UL76hiUfoTq9rrCkMMP1k9n2YusfXpzyFcZzcfD6haNfC9v4MwpAELiun2h,1970-01-01 07:00:00,282078e4e8da41bea1957c9ec20e0f65ab308f481279b07dc4bb9f4c52f88b70
5MM5Q2TqvdxRdb8c598wb5F7mnLbna1SB6kr5UvNCBc2iJZpFwJu2WKoL2pouqD8beoYDpkY2jfPeH5oXVm9Dait,1970-01-01 07:00:00,d99d1d42f650617b09f9c1a13a27711374b53a2a2d3e9e847e24f70145ac82a0
3EKXEsr1UjFyCRS2aS9dMpZDjkY6tU63L1KCQVSKVRNM2TY1Lo2qFwv4LbXdKVBzWTHxa31H9ySUJbjUvgE9kKqG,1970-01-01 07:00:00,6f852445fffa60ccf854163decafb99148b4d22a8946c57da1e8bfd18519a05c
58GeZzfpUibzsCf79GmYsQaMCcBeWJJSBwVFR2gQY2ouEWMpUVqD6byd4mF4nwe9yjuaMpswn5o6u6HAXG7LKx4b,1970-01-01 07:00:00,ce5651a4a0d1d4b4fc58d85173afe177ef87c82f4722f5520311d239075b88d6
2HfEqFwTFYD5hCH8WNmVCUUzEUPDi8gwPhGnajNEZbXRB6pGykXbfS9BnCjgQc7nguqLXeZGWtjy4U3BvCi45FQf,1970-01-01 07:00:00,4062221793605fda8a1c704e022ff52a1eba72abc0e3b7ff6b221220f6e6bed7
3QR3kVv6A6UBRHcty4e6mQfeyeGQ32dMnfpj691LEbFRPjwDJCZocAqZreNHExkhgd9Z1zhh5m5LzMYwZfJNkd97,1970-01-01 07:00:00,7839d27e7ad9d59f58b061bc21fe8448e73bb315e565801a82bb9401dc511a59
3FVwHYTdgp2r4Tup3env26Yn69rAY72AdLcp9irXPpiKVXiRLHWmDjoT6w93Wk3RYR54UcoQBtX6CQXs7FCf9hFu,1970-01-01 07:00:00,70898c1ac9b26f2373b0df96b1ce53836a08f422284b4469eb2e7e21ae655a09
5YzVuucV4Hmq6PMGR4pZUUVxKAip7CRtzYVboUtV22TR8uFJZr5hi5QoVfw79KsrW5GMGPiRckHAENqJcukAtnSU,1970-01-01 07:00:00,e3a7f79f9d1dfd0caafc7b581d0ca54e3fa2b5ca1504c92e7d631c090edb1e17
58zrciaQXbC4zz7byeqT1X2p9BRKk4QzNGr4gPQZSJM6A6wazfeMRbuxrmTi4FhdDU43U367trDtUJWUbsE5zT3W,1970-01-01 07:00:00,cef6f93cff2be9230c471cd9e70b95c423ec2e2472dcda6ad0d7bf2418d723f1
3xouMFmnQN37o3oHjiksSekwpJw7qpENfoJxw3BYCqvSSnchX2NFr2Hg1XSBA9hpb24Dyj1yWRoD6V1LfN8tf1Aw,1970-01-01 07:00:00,9429490f8ccff69bdd77766ba3867f938b4362a39e13a4597d82738e130e4a94
4yGouAGEe5BAU5vJuqwkWcxSuAmxsj3jNzemDxSiuWNQ8kY84sUviQAmVofMn5GHF3kvmYwp2MRFmdUmXfTcxDWz,1970-01-01 07:00:00,c6940c9144efa87ea62a50406e792508e5d1ef8860f1bedfde2fa62a28bad218
4Fhau2SbnA4wndNDsqauQSaDo88FpQ9Y6cF3bNjMeKi5Lyeiq7kp82AEySEtdsNSAqU3136Z8gLuCsB9m3x5UJFR,1970-01-01 07:00:00,a2ba3c80276a44d561d3b544b7547df3e6945aa6629fc38aec7f7767e36a8d83
5s9Jost8fufuosRtZAerSvEJhg9ZtYbXXm4aiazLpEM1oWfWy6ZVLEsLQd35NSdpic1kErBXKSzBj4pJhMjy4JQs,1970-01-01 07:00:00,f34f426b38867d459b29d764622cf94f16dbb13ba74fe1e813ad7095b7283fa3
s9txzqeCqEzc3fYQYYQtmjFHQ7e9y2EWwQwgJfvqooKEdQiVNmX3PdLnMuivFj5nVVhdozzdBviq7Wtxt2u8FgA,1970-01-01 07:00:00,2b40183de9ec96036878db05700a0664e6c89fe60e0d091450ff97ab576d6387
2sirkC2wcgD29tFF8VvTFsJftq1Kn9Wor9rF7V6q56mHdurKqngGkCSajATHmhveF4mngSwkVFmiWyCHLG9nStbx,1970-01-01 07:00:00,5dc1e874b2024b7df50e9a3ac18185486a4932000172aff3d8d51f32e8e43bd9
3346RVNAR4HbDTiswjevw8AAEqeRPBFz3YB9Kc6bWxmWpsz3RAVVh5R8JL3T7UMVB16AuRbqyDi3cozMHNbS1A8V,1970-01-01 07:00:00,65ce01da4fa799e7182b6d6ecef32a662f731839be4791581069dd2252359f97
5qXEptjnUoTBUzdyBVJGcbytEjpR76G9QUcQ8ENxrYnMK3V77c7evy5ey9Nm7fRUn5ZUXbeoPoT7yguXyN5eNd8D,1970-01-01 07:00:00,f1e93501af35a902095c2ca37fbaffe3ad438f2b36666f84cf26acac136f1c40
3bFRVdVTf7sovwTiMDdu82JABhkgYBALXvRk3jgGysmDfEY3mbsrEFXP6bRoXcSn6cv5H21nyVoN1rC9rpajt1M6,1970-01-01 07:00:00,8191990a52bf0fed3b05ce3da2af47ab41b8624f5c06b612583b4a78721a13aa
2djGMdCe1b8QQAEXecTUHhEAeoT5KczDTbgoYNE7ZmMLfqDypyVqVnhHJnPu3B1eSwVhFEELtQ1sG3Lr8ZPk24xD,1970-01-01 07:00:00,51b0c080503d42e4b3596f66e5b697ca21621e226246cbc57099cdbaca23b253
3es4p2gLrUScZ6yzgPs9YGwhnejKqRmFyswsXyrUkzHvFb1xpKhcEgd9fE1uTTLZmsKFpy7CtqnxoMC9a4cKyQkE,1970-01-01 07:00:00,84af8f96e67f8c99d1b6ed6eae1cba8db86cc4ec49ed577fe4134f9c524f4ff1
3CEpHtZFygw2uD7HhmL7Le6sTDX5HsSrscj4YwpmRvFVbQdvw3F9jE44ZCHFjGY3xKqf8ZGSQenkQsXc5yZjaVQT,1970-01-01 07:00:00,6db9b32ee437fb724f8839068cf5658335da2ea32b571c037aa4620f0c7853f8
3CbQXXijCNov7E1frsLetHY9w9SeVpC7gi23tp7Xcajo55qL3Qaen1dC9Wu2otJzgVLynywCTRj61sw3taasGvMz,1970-01-01 07:00:00,6e0812885a9a68ca9041955e4fe205a1787018a60db3c0af4e5239287e932800
2WotHPy8qGe95YqCrmSpn3EE7LaHtBuVcVJ4Vt8SA4RP9mgtZmkkTsgs2BKotdqP5wTfVwWVC8REYrpg8GKSkZN1,1970-01-01 07:00:00,4bb8fb68f1d9a7fb3bda05d962bdbc8c89c451759873d7ab9205d7110215a07b
2imYoQueTccbLeLKKJnv2dtbMq9b2MJJLiPi6viiP9ik1t31WcL9pSV8YeGQUh8kCA1uV5piJidtTpzmnaoYmZvu,1970-01-01 07:00:00,56094462f12007cea95f5d6ca4ea80bf8ef816860ee18b248857d2af08e5a6bf
4YquigRYQgJaQZhKGnRCnJSjU6yjJPZw3AFfpwuJBtSDEG4XMuxxWwBnoLJr8DWjQtSWwCUbyps2zc5RGS2F2hXt,1970-01-01 07:00:00,b182ebe1f22494cf55c4c1bfd85f5c0f7179642f3d898aec03b3cc582dbd30b1
3A59PvFv1nGvTWCn5iASo1U9akwsBeVjCREechX8jYQvPn4kh6uGMANGLc8UREauabZ5roLmW7w4FWa74G424PZ2,1970-01-01 07:00:00,6bdb5c84dc403821916151ec74c19d8478272bb9534dfb6492af57b2dceaa921
ZQqrZa4zBzeykvZACaWmUW6k2zmRrxZbVaePBAyLE9ozxLs3Ru9h1BvenJjvAeirZcqxoyQ6MweRvMLTjoFtuCW,1970-01-01 07:00:00,1bf33876f3635c3759ab48d164141107ec0ca0c59b03b1b4b86f90f0da69bec9
3BCWVDxkZUDjM1bpoCJajo4oGFjaUuJbiJxV8KZLWf2Hx9cEB6kDP1LPHTa2eP46ud7rc69iD7DmPGRta7jC1qV3,1970-01-01 07:00:00,6cd4277c3f16ad3d6680b2eff8d7bd94d72344b572f0c80a9da69935b03320ba
41nizR7UkTkyVVjLmitYhYj6bWbCTjbzFMyeEy1LqCp4Qq1ks2YmqsomKSn6nNcxcUsho4SaRwCExQLA7UrfdBri,1970-01-01 07:00:00,96bb17e3b2e6ee592cd7b4e8f9568db975a30abc943c8bd7396ef3728a5171bf
29ChCvrvEyiUkVsraNygyHoTh3Bwbyk5xxozbWU6z1rbmgoCMqGKcjcrYMkLW4XW4tcgS5CwrRYXjMYjpNciWHAC,1970-01-01 07:00:00,3916fa0b308e7ccdcb13d9b61d31936568a33a520bfaac75eaf8bd64b468e716
3h65TmDBe8oRPWNPZkk5zr8QvFmn6YWFS8x37d48y9j7t2Q8aLUXLJFLDQ6H7n92T5JKaE3VeG6gJG58V5tdnoVL,1970-01-01 07:00:00,869a9d5ca4f8fdb55afe79b1169b12fc417f5acefa53a9096e71f06960a774d0
3kuxbjCjnyUDeQwB4b4w3yv9CC2Uz1gHsuWb44ZL6UV1qqJwANfkCjzPVny9BqAbz1p3WAjFCBXfCrHTFXehgyT9,1970-01-01 07:00:00,89e72901ac6902c70c01b9dce91223705207d526bbf28bdcd9e93045c86806f7
xcvPDDwWufUCZzqfVJKKLAbaSsVQcD3LpV2Nur6paQJnLfdhrtzEwpMnVQpc1TQpQBgt6SjNp2pEMsogwpFewno,1970-01-01 07:00:00,2ff6c7e8cd45bf7dfd8952de329a6b527cb57db58a93e46c2beac572077c8f40
7vp4VvF7KQAp3NH7iqj1MyY5Kp8hATaMvu9YXcLHdBtaWGcMiqBh69SavTqi3qPU82n54zXyusJNF1XGj4FH56R,1970-01-01 07:00:00,05f968e255238fe4c9e3e04c3b848e267eed7fe485ca8401d43a851d3f407b3c
4mWksqU2vx4es4cEVVeTjXKpN8BT1o4fAVEkMxuCYWRFMnHPv3CTN5uGhD7yyLWNUUKPprcfS2hzG7br95FUi8Pu,1970-01-01 07:00:00,bc6ff669e1023584a0ca7acc418d6aacf653c1020ce5bbdecfab135d5cf06a0e
4FyPeSPCF8J9JQWnzDn15EUqmXrMFvtvirc11pZh5NxM6oDq7JUunSyMSCR5Ve4LPpKocZ5RLN9JPEnowgWpwPWY,1970-01-01 07:00:00,a2f6660710d006a3bf23a4e57c07047b4a80bb0057c51fe74f208d6e5adf56a6
4tCwwP9GPdZgetrGGue61ckS9p8r892McdoihBYpf6kS1gjrYPBFcz5ADBnpwCxezw445Z3UxyrRtUa7zUPRYwPU,1970-01-01 07:00:00,c235872e25eefa28c503b1d4d9479bf9fc8ccc782b6c2c5158ed2f3c059722b6
5Q8a7HMRVE1arFQMFnhHTpfs3wQwpk4QLfNmnWe3FzuKydfacS7Fk5bG6pkDU8h7S4kNsfYd4WJn8avbVsEGSi4c,1970-01-01 07:00:00,dc03cf9147f563dd62d3249d4404203f8c6f98dc3d79f52ca0c1093dda021185
3Ne5YJ2SfHwodXDy3buMLhjTDtKTcqMsx9MYspaELTuP467EfS1CfVF2xfK9GrmjY2AqmiraTzeD3DXVhUTD4qzd,1970-01-01 07:00:00,76b1e45deceba08b5a228ca673624d7a989668f637ef1a4f3977aa652fd9574f
3ZFFZuWFKrTghE5yAYaXYikzFSFxL3Pn4WQqdhjthk7k3bj3PRaKdZDBhF5WmAD5toReMoHWbAtvaXJKS1uoNLUR,1970-01-01 07:00:00,7fd76ac2837f99eef6505045fc2510c989d4091c9559a923031e5d59547e6b42
ar4avxDMkR3fyow9gMQCJuUsZEfDPmLH8yK4Y5GY9vPnouHbqQbNib38F5zfa37z7gEQufqoAEgjX2g2SuXMJBU,1970-01-01 07:00:00,1d2ffa56afcf5e89e3e27c0f61da2da056dd11082b109d8799af08b4f0cc4ff7
8ujXkjzpBGMruQtZTsrR7AD6Vk2m9ebmLD6EEFdn9QzrLxp4v4EQbMhPsnXtnboKMHhUpfWeiXTYjpr9u9eX6QQ,1970-01-01 07:00:00,06d212208e30777fa4dc6705ae33068eab151a635eb62aeff5b5552c9f1fa431
3vAL8YBtHzFagRYgBc5wG2aiozEWJCtPkvRVCMEiFaFgXLDREt1GUxG5ZcFAEsYN1BtG8LuwKUBH7DM4vpaW6Wis,1970-01-01 07:00:00,91e0be4c3d328551fc87db5141d21726a8d7d8636fb2541020233ef9107970b3
3VFPmLnV6ZYYhU1mquHUFnhqypauPqoQWE937pgWqeA3AeKM3YZyhuKsAht3hsKKjRyut8R72Rpee24S5XqHjxAq,1970-01-01 07:00:00,7c64e57050f3a1dfa161e14003800d9933ea88a44943a13a6d69cdf981df306e
5zdpUf5UubAzc2c9qLDKJVJ5tEdm2UZ1FP7qG3xgoGTBh7GCxyNLFUmCxtnJJy8xMfdQPEE6oV9bJEdoM5fahfos,1970-01-01 07:00:00,f9c522a31dbbf4e0ddd1da185f0409842644520f4e8c757b93d05cd6c2937812
5TpcBvX2nv6LSRZYMw5ShLUFvqqHgCHC65GQVpFV6kuukUgQYGL5jTxmFGn86PpZjsVGLwYMtvdQMMSyDuBDdLy9,1970-01-01 07:00:00,df327e2c6fdc83aca705272892a712ca0e6246cbecb47227da61574208ba7c9a
2zFSoZjxhJubmNLtvRNGV2kci9rtewJRscoGmPwFrY8TwmnboWnSZoeaSdBSUVcdpXiGCphniS5i5geA1qFN6dhQ,1970-01-01 07:00:00,6362eb7aef9e782a3fd122b1e72a7061729ac9149fa77284c0a7af94f7c156b6
4La3gTwtmfy4EujKJXKX66jKxj9LFt5iBs65Q58FAkmoQEFnRCSK4n7S4pkb3sRujvZuJZbcBjnfHg2MESUYymeg,1970-01-01 07:00:00,a6ed5dfbc48a4651968185b09e0798fb33f6ac78a50885ed39250c7c9023a1ae
iF3p2d21TVNty3U84GmzMxTAHPYp9E3mSBYd43TBtCMMbARvCjg8GrEQYanCcWZCGvdo8XSDNaWNFmyDaZQ7N2z,1970-01-01 07:00:00,2390d310a153f231d38c6a42f7f78dc688dcf2306d1742ca992a5fe4fabdf451
2mkq8E3wT3ksFFCb1WEtqo6oDVDSaVKenmP6e4yPAZB6DvNnCTtPChjcHzH2cMydJA7smbV5St7MNNQS51gfWcHx,1970-01-01 07:00:00,589cd38145f72678c989031a4f95ef04e4900e1d48dbde6e3c4ce30cbfbf80c3
3EjaQZiQKPTbEtSYJJYix4bWzVDippC771HgdJJsjbADTpsGuZ7LwSfZNWPuczZpbJTCy8bW6r7StUsZH4rmtb63,1970-01-01 07:00:00,6fe0b34fa86caf438e1560c8bc84b397dd01e3dc9cf767cd2899457b29242378
2YNDKj9cejHYcKZ5deLuPfqvFdyhXyuuY6snn4VX4n7Z9DTHiphoqL27o2vDMCW1xQAT7NxJer4pdPiwZyYoCYCz,1970-01-01 07:00:00,4d10cc27ba8a8d7cca9a4569f40dedb0e7505da645daa87154c7f7dff929106b
4pqMspxAeDBqrY79JAtFhPhghDvaWiHVcdbAXiAsFdqJ3UPuRA6i9yQDfmj5FHC37P6drbqsrfjppT9bCV5RQn3e,1970-01-01 07:00:00,bf4d1110ffe7943d4b20d8fda623d9b619171f5a53327d53c3b4125712deb3c7
2qoeHQ8huGwSMrB7hBWarifNrQS6WeBFFhnmGm8ovRHZnWYjWdf2udg6ZaPgAqVvPCyu2FRHA2tzk2DHGGhtEy41,1970-01-01 07:00:00,5c1a979fcd00bb49adc2473348e93f76d48ebc960859954536d1f0764f6e8f47
2N7rgi4fYZtYWH6izd5sjVUPtZa6eYe5nmRKDeBMrtkTfUb2gkPSYjRoXKZuLo9uXpVHMd8YjYhJkTsstMXNZ6pW,1970-01-01 07:00:00,443a821b6329eb988ec0bbedc91fc5a3ce8676fc7d0ebdad8d30644b4508145e
49TpEVU1MALmnbstVpLfFJqWdCVWbik7xvmpGXV1MoE7AMQ8NhXz6ECjAbrgbZWctpPayoqLjAaiXwrDJFv48wEK,1970-01-01 07:00:00,9d593c4106aaede0939b189016d99a4236ff9053ef67229a208557d7deff6238
KxbSDz4L8jY39WjbojuA2nD13Jf5t8fwWLNA4uGgSZqtXmbB1JALSKuDtaHT2GHHnxjvAwEBFvWzXiH8G9N4fxz,1970-01-01 07:00:00,10595eb2e614e037ce5efdba89bbb0eec2a0dac78a2cf5c360a9c3cf588b77d5
5kLFivRvgPy8jV8BiddETr1U2nttJ1nbbAXqdQ8Zz3YBGhCFcCV3YKQkTMhS2r4VS1mXtDaAkMLC1AUZAw6A8WAb,1970-01-01 07:00:00,ed6f92c714750e55d6500597b6c2a3bd0983ecb60c1948aa8923751283be6977
339R7w58hT6iYnGH8R4uy83cgqbEUQGoiozXRmiujkF47VTeJQmMCqm4Njtx4N4xYY4dgYckm4fpmuiLPjHxFtyJ,1970-01-01 07:00:00,65e24404c54919212340553f1748e01c197387dad769a51ce4c4e2239b82de7c
jwXEdPCGLj2AYhJJhf3EpxyoHADcdPcqUoL7DPcwAc8ch9GdLvpCFugEmnwUSqcrWvYcZw6dJHpiVFDnPupa9BC,1970-01-01 07:00:00,2507a3f05b76a119ba2416b151a1417fb46f805fc105ffe5d01493b253862838
4pFbTWbbJphuqfcaK8PwVKo1z3gEo95vswWNYLYK5H9ACLBuTLX7avkRE2uttiJQz5dFgSe4nrRXB8HnvmgZsaCq,1970-01-01 07:00:00,becc8b4c38e32aff4fbdebcb9683ca66d3d095c9ea12343ef6ef157119635b39
RyisDBSFQGMhcFUQVbxQpU5vpgZd5WW4uK6xmqFL8GEcrPUm1tejJG7QJzjWMJ2EWDsXkjbDRhuNNt39fJbyiZ7,1970-01-01 07:00:00,158a407fd9343b95f7158faef12c8c9939c1c344e6b62db3ced6e1140b5eb166
5Yw5m3Z6nDSXn7csRK2h7CFULVM9mC6mcWnLKv645eRDhjBpFmB7rB8cLH7jmFgMtdukHvpqf9hvDKsPduyP6WbW,1970-01-01 07:00:00,e39af69f93821dd26c862d9d221123e35bf69fc0a4efb27e9f5d5ef3393e0843
38cnpQfF1RU8PgBBSuGuVpwZjhNCjL4DU2DfXcS2maoT52Mfmwakm5UyQ64BZ4JiMhicSH2qZCdWbFMvJ27x928S,1970-01-01 07:00:00,6a9a486662d85c2c32b6dab1558e3dfe4fbea5fc9bbeab64827b90615ef68e7f
3NB23tDw6n4rxus5z3hpWWTqknY8tpwQfV4npA8bARCRC43Z9qH9LFk3RMybgo5B1XytgFAzRqectdxmQz17oT5n,1970-01-01 07:00:00,764ae4ad505fc62f73777ad1509082862db11110c040bff3539467d507d32cd9
523xT4nKzVcyG87HheautPXsgyS4nmBeqXngNrnfT3qQSgwWTpL5xXo55JEd7621bXeav42PbdZFUw51RsqRYdhQ,1970-01-01 07:00:00,c8f96c295280b6275cd87ca963d8bbfaa7c02eb4311044c4d5ad65fa0c11a0b4
2P79Um3zn5TKAf3LKQsYVoV7X8wiiqVHVHFafT9zkBV3XcfFVxanyiw8b7xH3PKaSEVKK2Ztd8fi4ZepTxoWVt6A,1970-01-01 07:00:00,4514919911ac758441f38d3e99b0a91eb12a850effd08c236ea15766c8c5680c
4pad3DZgWtaZvkVRr92yGV8FEs3brFdrv57gmfqXmcbqwGpiEWay26wKkKniRMzQ4zGLDaBrKt3WQWUdwFrBG6UX,1970-01-01 07:00:00,bf14f7a4ed7ddf37e57ef3239415aac09b47f2189d2850f8ebf04dc2de6e1bad
42urbhkahETvpzJxo7C9evrrcHHCwD4AuHS5b5hKmTn5uanDi7iNHRyCvJRJvAvm8zZ2ouQ9vrrPRfo2qbeRjjVT,1970-01-01 07:00:00,97b3005680a7eb9d549e64e8e2e95be89507cc6c3a1a03814c4fe321ab525193
42te7Knubxbp2YsxVERtCcWe91AARxAzkTg3hXjJj3REnSt1Po2fpYQQQoXLv72SrKguJrB6QqBWAULG2yFHKKnx,1970-01-01 07:00:00,97ae601b2e91d301e75e52b02a0c4585a3f9d46943575227f0787578531ca5d3
rD74RKvduotnYVY8dAzZmdEKzPLnLj2hCaWrdLnTDGkiaVzRzXjjgUn11L6r3MBTpEvfnZd1prraNi2VzMCfCKB,1970-01-01 07:00:00,2a6f8ae275459f3b66151d81a622561f77eb550295d8e794544557defdcce68f
5ZQMjFyHK4ahVRCEsqtqnonkigWo11PipHeAZJiSyF6USEL3idKQ7upDMJ3gbhjccxajF8xug4JrH8zTsgQhRU4n,1970-01-01 07:00:00,e402c7f802dbf82e9bf5c199305815887402fbe6e40ecaf06d3542b3fe3398eb
5aXo5MbZwtYcCcnkaBQXatVxMzU8q4kNtD9x8JJcVyz8kQTofExCbPUAEY4u8cw46PdWui1HxRZUDnzBKAQfv9xd,1970-01-01 07:00:00,e4fbda6b9cac108d96ef90ce9874a173e4b67a395c87b60b5e838ff8df1a2549
67mVWiL5NBmx4HSLw49b94942qjDK1E2sPgmsddSgSBiACCKLk9afzEmnFwwjzsEPHyhPs7i4gYBnVVtvPePHhsN,1970-01-01 07:00:00,ffebb19e22951ab114b958dc3744f4b0048036a9c5d2b2a636c77bd5cc29a692
4cbRXiapYQQV2RGUCT9xtnpEAfNmUVyFhrP9soNdGU9f8LkRZsNnEaSaAmJCMKD9bF6Pk4dkGx1Hi8esXs4JTvhB,1970-01-01 07:00:00,b4bed79a3fcecd8b451c8d0b5b2f4de01f29c32c4e6e82a4bab2119d3d9cfbcd
3E8B6YMbFaArqjVDrsxhj6fjMqSUZ3qy4n5tdb1yFVWoAB6sshLmpViQJNUDq3jBjWw2XEWZRUVGZexYxvdaqshf,1970-01-01 07:00:00,6f59f3597c2d25dd322e3a91565c3b028c2ba65d9d821d6510b8fc007969a1f1
4dfQAKMT7tU3oDQ9QaXmYba9mvY5nEXJFEJdF4NBNSLcrQpnB7aRpoiKiQDYxnqCkTG5RLMku6NZBqZNkZPLAdYP,1970-01-01 07:00:00,b5aabe0034079fcb53c449dfe0458e8550c829eda0475d8fb44656ab1f112f98
3AoX2j2JHrzTBpXiYgw4HhsTARNb27VdGy4wcPiGsYFQtDJ65S2MucdfbbPT1f9Yov8N753UWBxG4GcP5umvvDFS,1970-01-01 07:00:00,6c7ca53034eec8a3a87527fd0925bdd15db4e9b8e40a1efcfa7f622ea0015b29
TVzSZpafbTYhc8uh5etzkgSaAFs7fAhDbV2adtjaDWrD6PHDFYtDLkxKB2XbewvnFki7cgtoNf8Zv2ffMiqbjmw,1970-01-01 07:00:00,16da3a361f6171921827d8f264835682bdc2017523d58ae5ee017d3e4909223e
